opaque_leaf_id_sha256,row_count,key_root_sha256,type_root_sha256,key_value_root_sha256
00147279ba8e1b60f76947d794ca5438209d9e0c50b1e5700c0851e511a34559,1,da4333a826d0541c0783cdcccc043e89254fc029fbaaa8d04f1a70122c3544ed,c27d417d5d230bb6119b37876b83bafecdcb181381103e6ea2fccf5e209b9833,66c956c32d455d66eb23d83e3b64c6bbbde379f40079a93bdc36b0ed8885301f
055bb6310b01905403950598646addb42f600885d8689bb693e20ba7931b777f,1,0d3d94b58035d40f07c2d508fb951d0d37ee82aa264a43c9279110ebfddc11d5,467a15715175ed05384bcd0a4d95a75c46af50b536cbf57a4e36ba4a3f2095ac,e4cb4778479d5821aa5308e5266f50196a84a0615a5f1970e462a0bc69daba13
0d2aed8edc741784cb7114a5b99a12125f232274ff91c5539830f8b36aebd6fd,1,113136f288651fab415670b92ed40288cc376dc7354b74852cb4682c0b530203,bd989250a156834920fa07951ea7a031c899b9de48b27179e64f937e69ea6e92,a07e28f39edabf5e764a8a317a117879a43b41cd31fdff0f65e8630170483bbe
0f1846df9867ea0dc7f11c053a0b3cf2cb7514407f7fbf756888bd6675258dcc,1,8ce7f819111cfc7abdd315f23808ff577a4f5870631c06b74a6bfc79236e5860,f1fb1a2e16c27df4fe219f730e9eec22fda006e3fd8a9528608650754dbd4ed9,4bb0d7969b2022abd8aeab97a1d7f71df97bb07bb7f0bae8c993d5d599674d47
1204841186e768c5a956f2340cda53cf4b47f51d638f32057e5b5031f5fd7583,1,1ddb1edf64e0fbfd3aa2e55247e1629b1d53085c3031b557eafb11ac89d8aec3,c8c87b0d5cc983187bfd65ac7a4504728ce460d4138663dcf26c4dc6071921de,2dae12e6710b616960ad500bbb5ce5eb86b5dedaa1c08a9fed7ed74c1743bc08
234614ebdfae012ed42aed53b2a0bc912e308696f55db5c6833c212b4f4e7652,1,4724823f8859c14d30f6579089abc7287622f31a25b2ab57b0e0e0d02062f045,5b0979bbcb4851451d7b4af931ad24815f17ad34ed8bc9a3b47e7f29370d8c58,7f94aca5ea5e5d5b268bdefa7a3a742a6ee880ed6eccb58dc91c4052c9df0353
30289d06059187d184c0b8897399dd3d91b4a696a8ee5cb46ef2ce94580e1712,1,9b695b8f372980d8fc0b8cee564b676117ac7825d6672b47c0579ae09574fef5,28c7cfa16f10f77880ecacd24dd30ebcf2c00846857d6ac199c8622d2d610a1b,1e96ac513027f64844545bfc5b49d4b9a483a2f89f030aa97a31c7e1fe386ca2
3250e5b3b0f677a3d0d6b075e963e335b5be316e54331d6765342e9efbb7b6d1,1,2c99b4f74cf5ef158e238c3d02f5b6ba2938595bfacb19a657ab0137801ca9b9,0749416bfc0cd720bc1282e654b04f37fec629acdb184fee4e588ba277d53fad,2ecca8ecdc0408ba89c3593559515cab4aa934c6f0d6c5d4ddd58acea384d47c
349558df3ec189e99ec1ccb2f2c5d4565bf4cace5728a0418290bc49401ccb4a,1,ca91fb6a647b391f72fad4d69b4f4e8f92a26d3ee1989750b2da372093bc7464,36bd8504c9e0cd053ad5f72793efa91445405a4bb8bcf8985cc42c3693fec1de,6077d229661ccde770ed613406d4bf9537de571ba8cd34d2ff745ad94231e314
3ee59a0abe95917da558e868d3593886772712074e03a0fbc24caf761a5a9d4d,1,82b0fe077bdf919316e77c79a38efa9df313ff948ba3bf6c5a8ea9ff6807a9ff,46db1a1f4161ec81f18f504b950103ac52bbaea94acabb84eaa3ac7f83fc2e1d,f501033892d5b887ea406984fa85ce721db6284612ccf158ed39520c21143b8c
40f4273901e7948f34157cd651d0a1f1fbb106b757e6ae6859d4780fbc19cb96,1,6d9a385a4d3fea1808076ff106d0a3204fc9c1f786e9a9722ed45020dffc9d9c,f8af27c914c40dfea6da99e730f1b949b54f3b90a609413557f1fa6161c28a8d,86c210c81c0c7ae4c7a586b184d889c585ea6e555b4cff6895f6089d9c43703c
415d9516a8dcc498f3df2878d17f81b16219eef0a2298321bc0a81cddac3710b,1,fa66a827c5a9b7caa224ba77bfb76504f69dea885241b5b86daa2800c0661e26,eb1d7b257f30f53239bca739d55e1d31cdb66814fda73e02e7799061160d3da5,cde9b79d0d8a89bd3f1015dafd26b4e9078e59cd515b26e33c0f8d10e0576fab
44839c51cd1bf35388fb6ff61a4d9b2f4b60eaeecda6fa64c305ace53f08bc5c,1,ef253397acdc66de0c50d18b89b69a025b5b7e278b96b1036df2e664d6a64d40,0d560eec85fc1cb4f9d3af9590967021fe06d7c14d072ddaeb60cc7c23b252bd,5cbf1fa51a1c474452059193494d72495d1864e1a40a48f1a6131bd514dced82
44c7e5ee39313116063c043533b58e554e04e3e7c00a4c832b50836e7e272649,1,31d065f809555d89b6a03b7a7430067f41c943ff987c69e1c1e758bc40571c84,454a3d1c48e832508864d2181799ebd8af3f6f401209ca6427b0d44a446603a0,d73d2b6687d0607b9058d1e1a20009721a623932402570966e161fb1218a3730
4558a9031891ad306ce7a2537d0c41142c0296449280b6d3d89282e2f2fabbe8,1,28c3ee0a1c4ebee46ad6092160b8ee97bba0ad95999b524045c7170f320c7c88,b521727a029455ab2a93439774f9cc7b8b0231f29017cc8fc0520d34f2da3b42,b789ecd181034617d015a1a98b5ed144a4b88cdaa1c9053caf5de4a9076517c0
472255737b7cc8194812194cf5d80f093fafa8b771b8a2cc71ebdbd207e23b6d,1,ff37affc262ae2ab33f8f6cf4335f3ff4ab1bf98125da67620d4204258948816,fd8f3972e42de320a98a8d43bf193d480a722b96c3e622fcfce13bc5cb155d72,d19f9af783c4829f5d31c336b9d00eb2291d32a691c36c5bca26e4f22be90278
4fff44da492bc9721b61400cd0a086bfc41e345a3ac4221a75eb7b9e5d2d09a0,1,a7ae4a1a32543318ff54f737e9c6aabaf247423b8d40a1a8d26cebbaaa6403c7,994010af3cdca876f57d671408953f2ee812fd67acbf68d45167ae41d95b54d3,228a7621b9fc22722ab4d260b94886651c306e8de235d759d61c323d9cb4fcba
53a47543c459a1074b702b4a557c7b8f445bddcd2858b2ebbaace55a894f75ea,1,f40801c10f3d3bc425d87e4885961316e2c4892f0848320adc6852e7f21f5436,63096b279bbcc2c5cd3584984799203374563eb48667289054a4190d38082b8e,137d27961363d997dd7dbde4029e3735e53ac0b8335ecb93504f2059a78585c9
5819c59edc2e7b836ba1f17f7575ebe2f05184adba78a678db02b3a55970190f,1,b082e369f75e2dd14eb2634561026a24b3d890f2d05e725520df359f173cc8fa,4d3fb19e8f11e23542457ed0bb3cedb78cfd0964e47a67ae6439d7794c4190c8,39f21e9286bcb9ae7f82d09dd26e4fa049ff4993b2cf57a5c8a910c234a3d07e
5d803f3f6ac0bd41ae1cadbf5d2af21ab7d9278a225e087d2ac05531304826bd,1,e77bbb03f5fd038657fb4fc918e0abe2f7c26ba47576c437e2cadaf1ed7f9d0b,69275380129378ae93c9d006828d3a78a5442fd73fcbfb76a7bcceea21171e98,b2d1c0feac4909878bfdb507c193c06c2fe435d6f30b3f5ea3c97622d6540a3b
69641dceb9f6a4073ce35ad0ff834e0227010c52ce85f7174700dd7e1cece1b2,1,65a0ef873e1ec9532e240b3b939d841d020c8fade4d1f456576c4fba608c4f7d,d49ac27373111c1a6cdd23fef24e93de613cd99e3a371270e8e34b87d8557d2f,2e5a48b9c41bc9edf4f0d2eff781f5232fb04b8bb1bbdbcdb497dcc9e378965d
6a7e0e4528c369f2540a62bcb51e45cd8865a08433544ad89605722c1cbd93ac,1,234da116503114edfa3060ddefebe2d2974e037b2bd66fa9dab1f6528e69ac2f,e1f3cc49f75cd42608aeabba102658133cba1b2bde4060e49d2e56fae774c8a5,d8a40a4d392cc79e3cbcadd3f4ab40e77497da253e5c3cb34902c8291a56a3e9
6fd6a7a364568762a90f9b5a0ce8e6e70e4a04939225afd303fad44ec6a19fb2,1,de8329a49d59d7017d981eff1700d31c2faa9a494e5a03a679d7c65742adbef5,0c148a4bd45a6108d7d72e119e4f1bda270a53ab0c7aeb2d38bc98f671e49ec0,58eb961823cf75f02982166ef3011ba3f3196264aef5ad9976759fb04a7757f7
73005d86ec87bbce21981e73ccda97525ca4c6727724e80f9925e00e35d30d03,1,703b83fae73dfd394ed46b841319e4855f36e3edd021df47905ab43fdd0ade27,82c7003bbdcca0945d11056233491277494726177a56ee5943dde95a6d1a68af,7e6fd1bf8e62d4cb1c13083734338bc4fc91ca98bea41a9fa6d0a18e9dbdf668
7d24b1a716b66e516378fce6460d67ad05b0a70e2991bc0f01eb98d8c671bf46,1,c2f8429f2aa8c34cdcc023b1b5d1ce93b46115c0ef5efa5e2920a83d9b8ae096,f219c2da17d995411734c5b829b354e05ef23119829128c18c6984986e14a1f3,87767d916afd89a7687c3f37c062f4057ef241595bd654faae2eece8d29df587
86bbfefe4a6702a9ef109bf9154dd98b50efee91afd313021ee92dec81870be3,1,65a764553f882d2e8cf26e412e3dd15e9535a77487d61dc31637fd13a84c4099,bd91fb827d8e69d4386fee20c1696394c95b0cdeaab2c6da1704358bbe3c8cc6,724437b9f36e98f6ce98104b12931b12e24ed8a9b8a9d928cae8ea86483b8a80
8a261696ba6d41dabf1b420278bd764e9ee5005f9292cbdc8e790c136702f738,1,447c9f182210431776071efec9d6c4b97b76efad4a3bb656039c0c799954fe75,fca92d2137fc7819d212c92298dff7c42eebd1ea325744daf66637b5411ad1be,c8f352b114bad7765b35a7c528d328cfef85f70a83e9f3d71fe3391fe583ff48
9459f72cb79e666431cc0c6db907eef730330e74e3e9019c14514887af749ca1,1,321ab36d8ccc82b119e330627766d68b9394688ded3febda5e2051113aeaf995,4a64c664de357a69c4edf3d39542701fb63ce00a14a82ee349142a0437786188,46557787437f7a2ee011821d49251708e6ac5ef8b797a2335bf8c1d873eb8720
9722393351ce2f455acf69c89a32412ae8cc882d9920e280456937d94d7d15ef,1,3600ded6dec5547a119b99e59b0f73cef0c76c0c7b0bd3651b524d580b1b8014,3a36561eeb2646429492f294e5893fd52c72700a0c4bd85ff209b3bd4db3ce76,8cb197a88cf652c9ff64ecf017ad716e1ee53b1190e997c36208c2502b304819
97bb8ba6f3cc8ce94897c2c5a82a27bd86f9fd5dfa4eed3889a0c6fb4a0e1b2c,1,40f7fc81ebfa619214da128c7c7ccd9cd76514977209c348fb039d0662efd33d,445a9d41d09c0dcc7a478fd434bb7fd363943212a215765b18404ccbbada07d4,9cb8eec246a3a6e6dda16609700a861cb4d5a2528fcd6bb00e6148f8c986e137
97e7df0f3188d3007d84c0056f27a06dff7110780f0e7dec31e2cd424e6b635d,1,9ea346c64cb6673d71610fcdff6e312bd017ac9a5d99a16265437e4299b2471c,8ad1bd3a850046007cb1b3de198712aa34efc417725cc86bffaf140b2983092c,cf8e4c95a2229eef3e0eb17d147f15b6432c40ddd588fa53358bb3d36d592f0c
9b0e2c829913d6bc634bb51e13a9da6abc83990340fb04bf5c83b2c4b3844b3b,1,028100fe19acb363cdeffc97ee8c29125f2bf65cf56596b46ba21ac189107199,4331427deefd0a7bdfed2716f637329d789af164e3b2fda4811bc623000530c1,d4f2a4f4a479cd8f555026471c4e392d99edf0d8cd57812ff575ac0e4d516030
acc1d7740438167d346307f7cb81f09cd179f8ce72c894540806d8b6fa26f76e,1,f6cea01d7cc9509e2b47252133b3a6e1b13c07117628aaab878c6313af752896,b263e08a1ff25fb2edfd7362bc7189e4f55a2c0940df7046132704363548e109,4f223048d1677577978660d0a76130db7d7c24f0b9f9122ce76d6f8aaa3a5bd1
ba57f0584a80beb2a5f51c89507a85727aa9db3b161dcc9c8e716f5fd2e55dec,1,69b033c8612e6d5553f64d2558a2e4e2a24fb57663c6441fe54c1e8b6aa8f680,996688a7be46c0d0bc0842d2c806e7b5ce8a8230844c1267e3c74708af43b1f8,b5bf696336f735f3dc7dda54bb112f744a7d5cec2d13fb2a709d24f3cea471cb
c246d777c1c6faee3ba2ab6d04337da762ce7c2907970a455f163a10d5319f51,1,ed18ed6c77d6dc0b0244e1a6f9b24d2e5eb3166add73c37a14288781424f0e28,73dda320f7c01574daea9ab507265c79294b199abc29caaaf509c1fe25bdabb0,a7dd82d60ec362eeb419ca6def54630585c0d14c0d5d73b04debbf46eba491a4
c5a76d0776942f7ba1c783ca46c65cb73330af11cd4d0b37877a32689429cfce,1,89b53cc5a59073eeff2f7516323f4b334ad111f9ed23d979460548c43d3d3232,11370e2301a99c5b7a13f2522cf6df4f47eebc8357213819352ebb695b4549eb,cd0252f67e323b6ebd3f60862c32d974b3902d9d4cf0eb22244003cadd94fe3e
d3fdcbf9962795b933206687b9fade8686edb02c744dc302db8d5b1136312353,1,69ede1f6a04a231fe91a80c27495c9e281b125dc060644893439b4217c079b7a,0703f69d4518d17e207d6562ea23f27312a55645412799182c634a6b0325fe62,f51862475cc6e86330f99a99cd86c12ffc7a94e36f84c1e845a95e8c41af1426
d4990a1552412bde9c6ba552c955672fa16b2c73289b8f70bde84228afc662cf,1,32ce8b1800643a18881e790244f1ecc4deedb8a754a410555ec9bb18b89fd0d1,ad9162d5378dce4746263bf2cdd63b63db104cd469c8ea5f7e9fb729f3367d0f,d71f97048e8dc4f576f95a37fd82c17df584cbb8b36c3fe0aa77999c3a7fc4eb
d4bc6f267eb6341f0b83d952a68c31152f055c8fc077c5a8bb3e13ebb074372b,1,1598db8098a62663dea4577fff010d8f46f8a601895a33c6103d0479e82cb287,a86fe9eb38da904189a03ea40008b1e4f148153038c84106fc101200f8687932,c70c3633c0e2aa3e82c756afa4c6286a95e92a9702ca24f6d147cb81c0b9029f
dde949fb34966f8a484c87d6b95e11f89d9e32530a2aa8dd8b08dd57177959c2,1,0cf77bdd070e5d92705aa0e74352c633efc5a2762a86717a90c91b2651560d3f,54649e687c0a65f6db961cd4f0505474ce8afd1cde3748527ffd1a7ea042eb81,e4403d8272af4a71fd84589d5ba8c52f34534f1e6b0b2b05b19e39e95681469d
e0bbf5931c207796f24accecd48e8d81b77958b4b4161ad223dfd4b34e5cee23,1,ff56101d44141336d2dc93b45b705cb45babedb8d157c80782a83ed7937fdd7a,4317901847932cf149fc5f5c740381d09f889fcef66a7022d2f31a83752a39ee,b46251448b3e058c42c184032ef54959580ac461119e6e2f0972ef8a6d8cc054
e82abaacf1e9fad56898fbb9d288fe2012aae4811b5477d68bd9c996e823fab0,1,c7a2066599fa5fae08aefb272f451057a227930304de910810afc1eaa4261358,8bbf1f9bbe815d5b8417026caef12944579b5ae1695311fccb3b06f58f3960a8,deaffc316ae26acde079674879c5228004eeb0979397aa8afa1102857b9e1874
eeafb6f57ffcad38c944d9a4ad86c24ce52914a27686c910c7fdb8f1518654cc,1,89231bff027a1dcfcd1e78278e29db04de65f5aed277cc5ee739da18deff8cc2,81e304e5225a5e3cb2b40d0ecce9f91bc785c12dd7e99d147e95a458f6f91737,d13fb785a53ea45d15435c0f5c71786aaded0eaf3dc214c6340c0441f6ac135b
efbfd3dcdb8dc879608d6a094423be28fe079ec40afaecbd3bd912dbe2ccdb79,1,5f721314a8df8a1ae130c2b5d88c9e551c1c3d7ee730e2fe8c209eab495f1ba9,75075b677d0835c0add85a0869f1ac62103bb40ff9213ee2a7dc0b2e852cceca,0c78ed5bf6ba3bae98511cc1e4a69d72626b68a50d7ea56d161ada8174c1aa47
fc88c605812caa09699523b9675e90f5b4225d4dd8044e4614f7dd154c836815,1,045f91a0dfb69231c5fafbdcc7269a5db00f5fc81cbf8f061a1d524bd6a7d30c,4ba2c9553eee1c19ddc3a97d4db2360ba190f65477a4dc15301810f8f757f67a,0cbc01559447ab6fe62129c4c492a2b9957834043a45d191ec64e05e562724dc
