menu_item_id,status,title,legacy_path,parent_id,order,legacy_route,legacy_url,legacy_target,legacy_icon,matched_slug,target_surface,proposed_target_class,navigation_group,visibility_contract,authorization_contract,disposition,required_test
248,1,"A Delivery Towns","A Delivery Towns",,13,voyager.a-delivery-towns.index,,_self,,a-delivery-towns,Resource,"App\Filament\Clusters\Commerce\Resources\ADeliveryTownsResource","A Delivery Towns","Visible only when user can access target page/resource; preserve current role visibility after ACL mapping","Every direct target URL and action requires Policy/ability; hidden navigation never substitutes authorization",migrate_with_resource_wave,"8-role visibility matrix; direct URL wrong-role test; route target resolves; ordering/group label parity"
251,1,"Abandoned Carts","Abandoned Carts",,16,voyager.abandoned-carts.index,,_self,,abandoned-carts,Resource,"App\Filament\Clusters\Commerce\Resources\AbandonedCartsResource","Abandoned Carts","Visible only when user can access target page/resource; preserve current role visibility after ACL mapping","Every direct target URL and action requires Policy/ability; hidden navigation never substitutes authorization",migrate_with_resource_wave,"8-role visibility matrix; direct URL wrong-role test; route target resolves; ordering/group label parity"
256,1,Alt-подсказки,Alt-подсказки,,20,,/admin/alt-suggestions,_self,voyager-photo,alt-suggestions,"Resource + batch Actions/Jobs","App\Filament\Clusters\Seo\Resources\AltSuggestionResource",Alt-подсказки,"Visible only when user can access target page/resource; preserve current role visibility after ACL mapping","Every direct target URL and action requires Policy/ability; hidden navigation never substitutes authorization",migrate_with_resource_wave,"8-role visibility matrix; direct URL wrong-role test; route target resolves; ordering/group label parity"
1,1,"Control Panel","Control Panel",,1,voyager.dashboard,,_self,voyager-boat,,"Panel Dashboard","App\Filament\Pages\Dashboard","Control Panel","Visible only when user can access target page/resource; preserve current role visibility after ACL mapping","Every direct target URL and action requires Policy/ability; hidden navigation never substitutes authorization",migrate,"8-role visibility matrix; direct URL wrong-role test; route target resolves; ordering/group label parity"
249,1,"Creeping Lines","Creeping Lines",,14,voyager.creeping-line.index,,_self,,creeping-line,Resource,"App\Filament\Clusters\Content\Resources\CreepingLineResource","Creeping Lines","Visible only when user can access target page/resource; preserve current role visibility after ACL mapping","Every direct target URL and action requires Policy/ability; hidden navigation never substitutes authorization",migrate_with_resource_wave,"8-role visibility matrix; direct URL wrong-role test; route target resolves; ordering/group label parity"
61,1,"Email Рассылка","Email Рассылка",,12,,/admin/email-sender,_self,voyager-mail,email-sender,"Marketing Page","App\Filament\Clusters\Marketing\Pages\EmailCampaign","Email Рассылка","Visible only when user can access target page/resource; preserve current role visibility after ACL mapping","Every direct target URL and action requires Policy/ability; hidden navigation never substitutes authorization",migrate_with_queue_controls,"8-role visibility matrix; direct URL wrong-role test; route target resolves; ordering/group label parity"
257,1,"SEO Meta","SEO Meta",,22,,/admin/seo-meta-suggestions,_self,voyager-search,seo-meta-suggestions,"Resource + batch Actions/Jobs","App\Filament\Clusters\Seo\Resources\SeoMetaSuggestionResource","SEO Meta","Visible only when user can access target page/resource; preserve current role visibility after ACL mapping","Every direct target URL and action requires Policy/ability; hidden navigation never substitutes authorization",migrate_with_resource_wave,"8-role visibility matrix; direct URL wrong-role test; route target resolves; ordering/group label parity"
250,1,"Seo Cities","Seo Cities",,15,voyager.seo-city.index,,_self,,seo-city,Resource,"App\Filament\Clusters\Seo\Resources\SeoCityResource","Seo Cities","Visible only when user can access target page/resource; preserve current role visibility after ACL mapping","Every direct target URL and action requires Policy/ability; hidden navigation never substitutes authorization",migrate_with_resource_wave,"8-role visibility matrix; direct URL wrong-role test; route target resolves; ordering/group label parity"
254,1,"Site Images","Site Images",,19,voyager.site-images.index,,_self,,site-images,Resource,"App\Filament\Clusters\Seo\Resources\SiteImagesResource","Site Images","Visible only when user can access target page/resource; preserve current role visibility after ACL mapping","Every direct target URL and action requires Policy/ability; hidden navigation never substitutes authorization",migrate_with_resource_wave,"8-role visibility matrix; direct URL wrong-role test; route target resolves; ordering/group label parity"
253,1,"Venipak Data","Venipak Data",,18,voyager.venipak-data.index,,_self,,venipak-data,Resource,"App\Filament\Clusters\Commerce\Resources\VenipakDataResource","Venipak Data","Visible only when user can access target page/resource; preserve current role visibility after ACL mapping","Every direct target URL and action requires Policy/ability; hidden navigation never substitutes authorization",migrate_with_resource_wave,"8-role visibility matrix; direct URL wrong-role test; route target resolves; ordering/group label parity"
171,1,"Все стили","Все стили",,8,,,_self,voyager-file-text,,"Navigation group","AdminPanelProvider navigationGroups()","Все стили","Visible only when user can access target page/resource; preserve current role visibility after ACL mapping","Every direct target URL and action requires Policy/ability; hidden navigation never substitutes authorization",migrate_group,"8-role visibility matrix; direct URL wrong-role test; route target resolves; ordering/group label parity"
174,1,"Меню в подвале","Все стили > Меню в подвале",171,2,voyager.footer-menu.index,,_self,,footer-menu,Resource,"App\Filament\Clusters\Content\Resources\FooterMenuResource","Все стили","Visible only when user can access target page/resource; preserve current role visibility after ACL mapping","Every direct target URL and action requires Policy/ability; hidden navigation never substitutes authorization",migrate_with_resource_wave,"8-role visibility matrix; direct URL wrong-role test; route target resolves; ordering/group label parity"
173,1,"Меню в шапке","Все стили > Меню в шапке",171,1,voyager.header-menu.index,,_self,,header-menu,Resource,"App\Filament\Clusters\Content\Resources\HeaderMenuResource","Все стили","Visible only when user can access target page/resource; preserve current role visibility after ACL mapping","Every direct target URL and action requires Policy/ability; hidden navigation never substitutes authorization",migrate_with_resource_wave,"8-role visibility matrix; direct URL wrong-role test; route target resolves; ordering/group label parity"
176,1,"По фото","Все стили > По фото",171,3,,/admin/all-styles/2/edit,_self,,all-styles,Resource,"App\Filament\Clusters\Catalog\Resources\AllStylesResource","Все стили","Visible only when user can access target page/resource; preserve current role visibility after ACL mapping","Every direct target URL and action requires Policy/ability; hidden navigation never substitutes authorization",migrate_with_resource_wave,"8-role visibility matrix; direct URL wrong-role test; route target resolves; ordering/group label parity"
247,1,"Страница все стили","Все стили > Страница все стили",171,6,voyager.all-styles-page.index,,_self,,all-styles-page,Resource,"App\Filament\Clusters\Content\Resources\AllStylesPageResource","Все стили","Visible only when user can access target page/resource; preserve current role visibility after ACL mapping","Every direct target URL and action requires Policy/ability; hidden navigation never substitutes authorization",migrate_with_resource_wave,"8-role visibility matrix; direct URL wrong-role test; route target resolves; ordering/group label parity"
175,1,Форма,"Все стили > Форма",171,4,,/admin/all-style-form/1/edit,_self,,all-style-form,Resource,"App\Filament\Clusters\Catalog\Resources\AllStyleFormResource","Все стили","Visible only when user can access target page/resource; preserve current role visibility after ACL mapping","Every direct target URL and action requires Policy/ability; hidden navigation never substitutes authorization",migrate_with_resource_wave,"8-role visibility matrix; direct URL wrong-role test; route target resolves; ordering/group label parity"
177,1,"Форма - шаги","Все стили > Форма - шаги",171,5,voyager.all-style-form-step-items.index,,_self,,all-style-form-step-items,Resource,"App\Filament\Clusters\Catalog\Resources\AllStyleFormStepItemsResource","Все стили","Visible only when user can access target page/resource; preserve current role visibility after ACL mapping","Every direct target URL and action requires Policy/ability; hidden navigation never substitutes authorization",migrate_with_resource_wave,"8-role visibility matrix; direct URL wrong-role test; route target resolves; ordering/group label parity"
109,1,ГАЛЕРЕЯ,ГАЛЕРЕЯ,,9,,,_self,voyager-categories,,"Navigation group","AdminPanelProvider navigationGroups()",ГАЛЕРЕЯ,"Visible only when user can access target page/resource; preserve current role visibility after ACL mapping","Every direct target URL and action requires Policy/ability; hidden navigation never substitutes authorization",migrate_group,"8-role visibility matrix; direct URL wrong-role test; route target resolves; ordering/group label parity"
246,1,Век,"ГАЛЕРЕЯ > Век",109,10,voyager.a-gallery-age.index,,_self,,a-gallery-age,Resource,"App\Filament\Clusters\Catalog\Resources\AGalleryAgeResource",ГАЛЕРЕЯ,"Visible only when user can access target page/resource; preserve current role visibility after ACL mapping","Every direct target URL and action requires Policy/ability; hidden navigation never substitutes authorization",migrate_with_resource_wave,"8-role visibility matrix; direct URL wrong-role test; route target resolves; ordering/group label parity"
57,1,"Все Товары Г+П","ГАЛЕРЕЯ > Все Товары Г+П",109,7,voyager.gallery-items.index,,_self,,gallery-items,Resource,"App\Filament\Clusters\Catalog\Resources\GalleryItemsResource",ГАЛЕРЕЯ,"Visible only when user can access target page/resource; preserve current role visibility after ACL mapping","Every direct target URL and action requires Policy/ability; hidden navigation never substitutes authorization",migrate_with_resource_wave,"8-role visibility matrix; direct URL wrong-role test; route target resolves; ordering/group label parity"
243,1,Жанры,"ГАЛЕРЕЯ > Жанры",109,8,voyager.a-gallery-genre.index,,_self,,a-gallery-genre,Resource,"App\Filament\Clusters\Catalog\Resources\AGalleryGenreResource",ГАЛЕРЕЯ,"Visible only when user can access target page/resource; preserve current role visibility after ACL mapping","Every direct target URL and action requires Policy/ability; hidden navigation never substitutes authorization",migrate_with_resource_wave,"8-role visibility matrix; direct URL wrong-role test; route target resolves; ordering/group label parity"
245,1,Национальности,"ГАЛЕРЕЯ > Национальности",109,9,voyager.a-gallery-nationality.index,,_self,,a-gallery-nationality,Resource,"App\Filament\Clusters\Catalog\Resources\AGalleryNationalityResource",ГАЛЕРЕЯ,"Visible only when user can access target page/resource; preserve current role visibility after ACL mapping","Every direct target URL and action requires Policy/ability; hidden navigation never substitutes authorization",migrate_with_resource_wave,"8-role visibility matrix; direct URL wrong-role test; route target resolves; ordering/group label parity"
51,1,Параметры,"ГАЛЕРЕЯ > Параметры",109,12,,,_self,voyager-list,,"Navigation group","AdminPanelProvider navigationGroups()",ГАЛЕРЕЯ,"Visible only when user can access target page/resource; preserve current role visibility after ACL mapping","Every direct target URL and action requires Policy/ability; hidden navigation never substitutes authorization",migrate_group,"8-role visibility matrix; direct URL wrong-role test; route target resolves; ordering/group label parity"
82,1,Интерьеры,"ГАЛЕРЕЯ > Параметры > Интерьеры",51,9,voyager.canvas-interiers.index,,_self,,canvas-interiers,Resource,"App\Filament\Clusters\Catalog\Resources\CanvasInteriersResource",ГАЛЕРЕЯ,"Visible only when user can access target page/resource; preserve current role visibility after ACL mapping","Every direct target URL and action requires Policy/ability; hidden navigation never substitutes authorization",migrate_with_resource_wave,"8-role visibility matrix; direct URL wrong-role test; route target resolves; ordering/group label parity"
50,1,Категории,"ГАЛЕРЕЯ > Параметры > Категории",51,2,voyager.gallery-categories.index,,_self,,gallery-categories,Resource,"App\Filament\Clusters\Catalog\Resources\GalleryCategoriesResource",ГАЛЕРЕЯ,"Visible only when user can access target page/resource; preserve current role visibility after ACL mapping","Every direct target URL and action requires Policy/ability; hidden navigation never substitutes authorization",migrate_with_resource_wave,"8-role visibility matrix; direct URL wrong-role test; route target resolves; ordering/group label parity"
240,1,"Материал рамы","ГАЛЕРЕЯ > Параметры > Материал рамы",51,12,voyager.canvas-rams-materials.index,,_self,,canvas-rams-materials,Resource,"App\Filament\Clusters\Catalog\Resources\CanvasRamsMaterialsResource",ГАЛЕРЕЯ,"Visible only when user can access target page/resource; preserve current role visibility after ACL mapping","Every direct target URL and action requires Policy/ability; hidden navigation never substitutes authorization",migrate_with_resource_wave,"8-role visibility matrix; direct URL wrong-role test; route target resolves; ordering/group label parity"
60,1,Оформления,"ГАЛЕРЕЯ > Параметры > Оформления",51,8,voyager.gallery-decorations.index,,_self,,gallery-decorations,Resource,"App\Filament\Clusters\Catalog\Resources\GalleryDecorationsResource",ГАЛЕРЕЯ,"Visible only when user can access target page/resource; preserve current role visibility after ACL mapping","Every direct target URL and action requires Policy/ability; hidden navigation never substitutes authorization",migrate_with_resource_wave,"8-role visibility matrix; direct URL wrong-role test; route target resolves; ordering/group label parity"
52,1,Размеры,"ГАЛЕРЕЯ > Параметры > Размеры",51,3,voyager.gallery-sizes.index,,_self,,gallery-sizes,Resource,"App\Filament\Clusters\Catalog\Resources\GallerySizesResource",ГАЛЕРЕЯ,"Visible only when user can access target page/resource; preserve current role visibility after ACL mapping","Every direct target URL and action requires Policy/ability; hidden navigation never substitutes authorization",migrate_with_resource_wave,"8-role visibility matrix; direct URL wrong-role test; route target resolves; ordering/group label parity"
84,1,Рамы,"ГАЛЕРЕЯ > Параметры > Рамы",51,10,voyager.canvas-rams.index,,_self,,canvas-rams,Resource,"App\Filament\Clusters\Catalog\Resources\CanvasRamsResource",ГАЛЕРЕЯ,"Visible only when user can access target page/resource; preserve current role visibility after ACL mapping","Every direct target URL and action requires Policy/ability; hidden navigation never substitutes authorization",migrate_with_resource_wave,"8-role visibility matrix; direct URL wrong-role test; route target resolves; ordering/group label parity"
55,1,"Теги помещения","ГАЛЕРЕЯ > Параметры > Теги помещения",51,6,voyager.gallery-tag-rooms.index,,_self,,gallery-tag-rooms,Resource,"App\Filament\Clusters\Catalog\Resources\GalleryTagRoomsResource",ГАЛЕРЕЯ,"Visible only when user can access target page/resource; preserve current role visibility after ACL mapping","Every direct target URL and action requires Policy/ability; hidden navigation never substitutes authorization",migrate_with_resource_wave,"8-role visibility matrix; direct URL wrong-role test; route target resolves; ordering/group label parity"
49,1,Типы,"ГАЛЕРЕЯ > Параметры > Типы",51,1,voyager.gallery-types.index,,_self,,gallery-types,Resource,"App\Filament\Clusters\Catalog\Resources\GalleryTypesResource",ГАЛЕРЕЯ,"Visible only when user can access target page/resource; preserve current role visibility after ACL mapping","Every direct target URL and action requires Policy/ability; hidden navigation never substitutes authorization",migrate_with_resource_wave,"8-role visibility matrix; direct URL wrong-role test; route target resolves; ordering/group label parity"
54,1,Упаковки,"ГАЛЕРЕЯ > Параметры > Упаковки",51,5,voyager.gallery-boxes.index,,_self,,gallery-boxes,Resource,"App\Filament\Clusters\Catalog\Resources\GalleryBoxesResource",ГАЛЕРЕЯ,"Visible only when user can access target page/resource; preserve current role visibility after ACL mapping","Every direct target URL and action requires Policy/ability; hidden navigation never substitutes authorization",migrate_with_resource_wave,"8-role visibility matrix; direct URL wrong-role test; route target resolves; ordering/group label parity"
53,1,Холсты,"ГАЛЕРЕЯ > Параметры > Холсты",51,4,voyager.gallery-holsts.index,,_self,,gallery-holsts,Resource,"App\Filament\Clusters\Catalog\Resources\GalleryHolstsResource",ГАЛЕРЕЯ,"Visible only when user can access target page/resource; preserve current role visibility after ACL mapping","Every direct target URL and action requires Policy/ability; hidden navigation never substitutes authorization",migrate_with_resource_wave,"8-role visibility matrix; direct URL wrong-role test; route target resolves; ordering/group label parity"
239,1,"Цвет рамы","ГАЛЕРЕЯ > Параметры > Цвет рамы",51,11,voyager.canvas-rams-colors.index,,_self,,canvas-rams-colors,Resource,"App\Filament\Clusters\Catalog\Resources\CanvasRamsColorsResource",ГАЛЕРЕЯ,"Visible only when user can access target page/resource; preserve current role visibility after ACL mapping","Every direct target URL and action requires Policy/ability; hidden navigation never substitutes authorization",migrate_with_resource_wave,"8-role visibility matrix; direct URL wrong-role test; route target resolves; ordering/group label parity"
56,1,Цвета,"ГАЛЕРЕЯ > Параметры > Цвета",51,7,voyager.gallery-tag-colors.index,,_self,,gallery-tag-colors,Resource,"App\Filament\Clusters\Catalog\Resources\GalleryTagColorsResource",ГАЛЕРЕЯ,"Visible only when user can access target page/resource; preserve current role visibility after ACL mapping","Every direct target URL and action requires Policy/ability; hidden navigation never substitutes authorization",migrate_with_resource_wave,"8-role visibility matrix; direct URL wrong-role test; route target resolves; ordering/group label parity"
153,1,"Слайдер - модульные","ГАЛЕРЕЯ > Слайдер - модульные",109,2,voyager.slider-mod.index,,_self,,slider-mod,Resource,"App\Filament\Clusters\Content\Resources\SliderModResource",ГАЛЕРЕЯ,"Visible only when user can access target page/resource; preserve current role visibility after ACL mapping","Every direct target URL and action requires Policy/ability; hidden navigation never substitutes authorization",migrate_with_resource_wave,"8-role visibility matrix; direct URL wrong-role test; route target resolves; ordering/group label parity"
155,1,"Слайдер - репродукция","ГАЛЕРЕЯ > Слайдер - репродукция",109,1,voyager.slider-repr.index,,_self,,slider-repr,Resource,"App\Filament\Clusters\Content\Resources\SliderReprResource",ГАЛЕРЕЯ,"Visible only when user can access target page/resource; preserve current role visibility after ACL mapping","Every direct target URL and action requires Policy/ability; hidden navigation never substitutes authorization",migrate_with_resource_wave,"8-role visibility matrix; direct URL wrong-role test; route target resolves; ordering/group label parity"
154,1,"Слайдер - фото","ГАЛЕРЕЯ > Слайдер - фото",109,3,voyager.slider-photo.index,,_self,,slider-photo,Resource,"App\Filament\Clusters\Content\Resources\SliderPhotoResource",ГАЛЕРЕЯ,"Visible only when user can access target page/resource; preserve current role visibility after ACL mapping","Every direct target URL and action requires Policy/ability; hidden navigation never substitutes authorization",migrate_with_resource_wave,"8-role visibility matrix; direct URL wrong-role test; route target resolves; ordering/group label parity"
244,1,Стили,"ГАЛЕРЕЯ > Стили",109,11,voyager.a-gallery-style.index,,_self,,a-gallery-style,Resource,"App\Filament\Clusters\Catalog\Resources\AGalleryStyleResource",ГАЛЕРЕЯ,"Visible only when user can access target page/resource; preserve current role visibility after ACL mapping","Every direct target URL and action requires Policy/ability; hidden navigation never substitutes authorization",migrate_with_resource_wave,"8-role visibility matrix; direct URL wrong-role test; route target resolves; ordering/group label parity"
137,1,"Товары Модульные картины","ГАЛЕРЕЯ > Товары Модульные картины",109,4,,/admin/gallery-items/?type=2,_self,,gallery-items,Resource,"App\Filament\Clusters\Catalog\Resources\GalleryItemsResource",ГАЛЕРЕЯ,"Visible only when user can access target page/resource; preserve current role visibility after ACL mapping","Every direct target URL and action requires Policy/ability; hidden navigation never substitutes authorization",migrate_with_resource_wave,"8-role visibility matrix; direct URL wrong-role test; route target resolves; ordering/group label parity"
136,1,"Товары Репродукция","ГАЛЕРЕЯ > Товары Репродукция",109,5,,/admin/gallery-items?type=4,_self,,gallery-items,Resource,"App\Filament\Clusters\Catalog\Resources\GalleryItemsResource",ГАЛЕРЕЯ,"Visible only when user can access target page/resource; preserve current role visibility after ACL mapping","Every direct target URL and action requires Policy/ability; hidden navigation never substitutes authorization",migrate_with_resource_wave,"8-role visibility matrix; direct URL wrong-role test; route target resolves; ordering/group label parity"
138,1,"Товары Фотокартины","ГАЛЕРЕЯ > Товары Фотокартины",109,6,,/admin/gallery-items?type=3,_self,,gallery-items,Resource,"App\Filament\Clusters\Catalog\Resources\GalleryItemsResource",ГАЛЕРЕЯ,"Visible only when user can access target page/resource; preserve current role visibility after ACL mapping","Every direct target URL and action requires Policy/ability; hidden navigation never substitutes authorization",migrate_with_resource_wave,"8-role visibility matrix; direct URL wrong-role test; route target resolves; ordering/group label parity"
181,1,"ГЛАВНАЯ 2","ГЛАВНАЯ 2",,6,,,_self,voyager-file-text,,"Navigation group","AdminPanelProvider navigationGroups()","ГЛАВНАЯ 2","Visible only when user can access target page/resource; preserve current role visibility after ACL mapping","Every direct target URL and action requires Policy/ability; hidden navigation never substitutes authorization",migrate_group,"8-role visibility matrix; direct URL wrong-role test; route target resolves; ordering/group label parity"
184,1,"Newhome Work Exes","ГЛАВНАЯ 2 > Newhome Work Exes",181,4,voyager.newhome-work-ex.index,,_self,,newhome-work-ex,Resource,"App\Filament\Clusters\Content\Resources\NewhomeWorkExResource","ГЛАВНАЯ 2","Visible only when user can access target page/resource; preserve current role visibility after ACL mapping","Every direct target URL and action requires Policy/ability; hidden navigation never substitutes authorization",migrate_with_resource_wave,"8-role visibility matrix; direct URL wrong-role test; route target resolves; ordering/group label parity"
63,1,"Главная страница","ГЛАВНАЯ 2 > Главная страница",181,1,,/admin/homepage-options/1/edit,_self,voyager-home,homepage-options,Resource,"App\Filament\Clusters\Content\Resources\HomepageOptionsResource","ГЛАВНАЯ 2","Visible only when user can access target page/resource; preserve current role visibility after ACL mapping","Every direct target URL and action requires Policy/ability; hidden navigation never substitutes authorization",migrate_with_resource_wave,"8-role visibility matrix; direct URL wrong-role test; route target resolves; ordering/group label parity"
182,1,Переводы,"ГЛАВНАЯ 2 > Переводы",181,6,,/admin/translations/view/homepage_new,_self,,translations,"Translation manager Page","App\Filament\Clusters\Translations\Pages\TranslationManager","ГЛАВНАЯ 2","Visible only when user can access target page/resource; preserve current role visibility after ACL mapping","Every direct target URL and action requires Policy/ability; hidden navigation never substitutes authorization",migrate_with_versioned_publisher,"8-role visibility matrix; direct URL wrong-role test; route target resolves; ordering/group label parity"
186,1,Попапы,"ГЛАВНАЯ 2 > Попапы",181,7,,/admin/translations/view/homepage_new_login_reg,_self,,translations,"Translation manager Page","App\Filament\Clusters\Translations\Pages\TranslationManager","ГЛАВНАЯ 2","Visible only when user can access target page/resource; preserve current role visibility after ACL mapping","Every direct target URL and action requires Policy/ability; hidden navigation never substitutes authorization",migrate_with_versioned_publisher,"8-role visibility matrix; direct URL wrong-role test; route target resolves; ordering/group label parity"
180,1,Слайдер,"ГЛАВНАЯ 2 > Слайдер",181,2,voyager.newhome-top-slider.index,,_self,,newhome-top-slider,Resource,"App\Filament\Clusters\Content\Resources\NewhomeTopSliderResource","ГЛАВНАЯ 2","Visible only when user can access target page/resource; preserve current role visibility after ACL mapping","Every direct target URL and action requires Policy/ability; hidden navigation never substitutes authorization",migrate_with_resource_wave,"8-role visibility matrix; direct URL wrong-role test; route target resolves; ordering/group label parity"
185,1,"Топ продаж","ГЛАВНАЯ 2 > Топ продаж",181,5,voyager.newhome-top-work-ex.index,,_self,,newhome-top-work-ex,Resource,"App\Filament\Clusters\Content\Resources\NewhomeTopWorkExResource","ГЛАВНАЯ 2","Visible only when user can access target page/resource; preserve current role visibility after ACL mapping","Every direct target URL and action requires Policy/ability; hidden navigation never substitutes authorization",migrate_with_resource_wave,"8-role visibility matrix; direct URL wrong-role test; route target resolves; ordering/group label parity"
183,1,Услуги,"ГЛАВНАЯ 2 > Услуги",181,3,voyager.newhome-services.index,,_self,,newhome-services,Resource,"App\Filament\Clusters\Catalog\Resources\NewhomeServicesResource","ГЛАВНАЯ 2","Visible only when user can access target page/resource; preserve current role visibility after ACL mapping","Every direct target URL and action requires Policy/ability; hidden navigation never substitutes authorization",migrate_with_resource_wave,"8-role visibility matrix; direct URL wrong-role test; route target resolves; ordering/group label parity"
126,1,"Групповые образы","Групповые образы",124,2,voyager.styl-page-port-goup-obr.index,,_self,,styl-page-port-goup-obr,Resource,"App\Filament\Clusters\Content\Resources\StylPagePortGoupObrResource","Групповые образы","Visible only when user can access target page/resource; preserve current role visibility after ACL mapping","Every direct target URL and action requires Policy/ability; hidden navigation never substitutes authorization",migrate_with_resource_wave,"8-role visibility matrix; direct URL wrong-role test; route target resolves; ordering/group label parity"
58,1,ЗАКАЗЫ,ЗАКАЗЫ,,4,voyager.orders.index,,_self,voyager-basket,orders,"Specialized Resource + Pages/Actions","App\Filament\Clusters\Crm\Resources\OrderResource",ЗАКАЗЫ,"Visible only when user can access target page/resource; preserve current role visibility after ACL mapping","Every direct target URL and action requires Policy/ability; hidden navigation never substitutes authorization",migrate_with_resource_wave,"8-role visibility matrix; direct URL wrong-role test; route target resolves; ordering/group label parity"
5,1,Инструменты,Инструменты,,11,,,_self,voyager-tools,,"Navigation group","AdminPanelProvider navigationGroups()",Инструменты,"Visible only when user can access target page/resource; preserve current role visibility after ACL mapping","Every direct target URL and action requires Policy/ability; hidden navigation never substitutes authorization",migrate_group,"8-role visibility matrix; direct URL wrong-role test; route target resolves; ordering/group label parity"
9,1,BREAD,"Инструменты > BREAD",5,10,voyager.bread.index,,_self,voyager-bread,bread,"No runtime BREAD builder","Explicit Git-versioned Resources",Инструменты,"Visible only when user can access target page/resource; preserve current role visibility after ACL mapping","Every direct target URL and action requires Policy/ability; hidden navigation never substitutes authorization",retire_security_exception,"8-role visibility matrix; direct URL wrong-role test; route target resolves; ordering/group label parity"
8,1,Compass,"Инструменты > Compass",5,9,voyager.compass.index,,_self,voyager-compass,compass,"No production developer console","Local/staging diagnostics only",Инструменты,"Visible only when user can access target page/resource; preserve current role visibility after ACL mapping","Every direct target URL and action requires Policy/ability; hidden navigation never substitutes authorization",retire_security_exception,"8-role visibility matrix; direct URL wrong-role test; route target resolves; ordering/group label parity"
7,1,"База данных","Инструменты > База данных",5,8,voyager.database.index,,_self,voyager-data,database,"No production schema editor","Reviewed migrations / CLI only",Инструменты,"Visible only when user can access target page/resource; preserve current role visibility after ACL mapping","Every direct target URL and action requires Policy/ability; hidden navigation never substitutes authorization",retire_security_exception,"8-role visibility matrix; direct URL wrong-role test; route target resolves; ordering/group label parity"
188,1,Другое,"Инструменты > Другое",5,11,,,_self,,,"Navigation group","AdminPanelProvider navigationGroups()",Инструменты,"Visible only when user can access target page/resource; preserve current role visibility after ACL mapping","Every direct target URL and action requires Policy/ability; hidden navigation never substitutes authorization",migrate_group,"8-role visibility matrix; direct URL wrong-role test; route target resolves; ordering/group label parity"
66,1,"Другое - Главная страница","Инструменты > Другое - Главная страница",5,6,,,_self,voyager-bread,,"Navigation group","AdminPanelProvider navigationGroups()",Инструменты,"Visible only when user can access target page/resource; preserve current role visibility after ACL mapping","Every direct target URL and action requires Policy/ability; hidden navigation never substitutes authorization",migrate_group,"8-role visibility matrix; direct URL wrong-role test; route target resolves; ordering/group label parity"
156,1,"Карта сайта","Инструменты > Карта сайта",5,7,,/admin/sitemap,_self,,sitemap,"SEO diagnostics Page","App\Filament\Clusters\Seo\Pages\SitemapDiagnostics",Инструменты,"Visible only when user can access target page/resource; preserve current role visibility after ACL mapping","Every direct target URL and action requires Policy/ability; hidden navigation never substitutes authorization",replace_redirect_only_item,"8-role visibility matrix; direct URL wrong-role test; route target resolves; ordering/group label parity"
6,1,"Конструктор Меню","Инструменты > Конструктор Меню",5,5,voyager.menus.index,,_self,voyager-list,menus,Resource,"App\Filament\Clusters\Content\Resources\MenusResource",Инструменты,"Visible only when user can access target page/resource; preserve current role visibility after ACL mapping","Every direct target URL and action requires Policy/ability; hidden navigation never substitutes authorization",migrate_with_resource_wave,"8-role visibility matrix; direct URL wrong-role test; route target resolves; ordering/group label parity"
2,1,Медиа,"Инструменты > Медиа",5,1,voyager.media.index,,_self,voyager-images,media,"Restricted Media Page","App\Filament\Pages\MediaManager",Инструменты,"Visible only when user can access target page/resource; preserve current role visibility after ACL mapping","Every direct target URL and action requires Policy/ability; hidden navigation never substitutes authorization",replace_unrestricted_voyager_media,"8-role visibility matrix; direct URL wrong-role test; route target resolves; ordering/group label parity"
10,1,Настройки,"Инструменты > Настройки",5,4,voyager.settings.index,,_self,voyager-settings,settings,"Typed Settings Page","App\Filament\Pages\Settings",Инструменты,"Visible only when user can access target page/resource; preserve current role visibility after ACL mapping","Every direct target URL and action requires Policy/ability; hidden navigation never substitutes authorization",replace_generic_settings_editor,"8-role visibility matrix; direct URL wrong-role test; route target resolves; ordering/group label parity"
152,1,"Настройки сайта","Инструменты > Настройки сайта",5,3,,/admin/glob-config/1/edit,_self,voyager-pie-graph,glob-config,Resource,"App\Filament\Clusters\Content\Resources\GlobConfigResource",Инструменты,"Visible only when user can access target page/resource; preserve current role visibility after ACL mapping","Every direct target URL and action requires Policy/ability; hidden navigation never substitutes authorization",migrate_with_resource_wave,"8-role visibility matrix; direct URL wrong-role test; route target resolves; ordering/group label parity"
102,1,"Очистка кеша","Инструменты > Очистка кеша",5,2,,/admin/cache/clear,_self,,cache,"Restricted Operations Action","App\Filament\Pages\Operations",Инструменты,"Visible only when user can access target page/resource; preserve current role visibility after ACL mapping","Every direct target URL and action requires Policy/ability; hidden navigation never substitutes authorization",replace_get_mutation,"8-role visibility matrix; direct URL wrong-role test; route target resolves; ordering/group label parity"
121,1,"КАНВА И КОЛЛАЖ","КАНВА И КОЛЛАЖ",,7,,,_self,voyager-categories,,"Navigation group","AdminPanelProvider navigationGroups()","КАНВА И КОЛЛАЖ","Visible only when user can access target page/resource; preserve current role visibility after ACL mapping","Every direct target URL and action requires Policy/ability; hidden navigation never substitutes authorization",migrate_group,"8-role visibility matrix; direct URL wrong-role test; route target resolves; ordering/group label parity"
74,1,Канвас,"КАНВА И КОЛЛАЖ > Канвас",121,1,,,_self,,,"Navigation group","AdminPanelProvider navigationGroups()","КАНВА И КОЛЛАЖ","Visible only when user can access target page/resource; preserve current role visibility after ACL mapping","Every direct target URL and action requires Policy/ability; hidden navigation never substitutes authorization",migrate_group,"8-role visibility matrix; direct URL wrong-role test; route target resolves; ordering/group label parity"
255,1,"Photo Improvements","КАНВА И КОЛЛАЖ > Канвас > Photo Improvements",74,4,voyager.canvas-photo-improvements.index,,_self,,canvas-photo-improvements,Resource,"App\Filament\Clusters\Catalog\Resources\CanvasPhotoImprovementsResource","КАНВА И КОЛЛАЖ","Visible only when user can access target page/resource; preserve current role visibility after ACL mapping","Every direct target URL and action requires Policy/ability; hidden navigation never substitutes authorization",migrate_with_resource_wave,"8-role visibility matrix; direct URL wrong-role test; route target resolves; ordering/group label parity"
191,1,"Новые медиа","КАНВА И КОЛЛАЖ > Канвас > Новые медиа",74,2,,/admin/canvas-new/1/edit,_self,,canvas-new,Resource,"App\Filament\Clusters\Catalog\Resources\CanvasNewResource","КАНВА И КОЛЛАЖ","Visible only when user can access target page/resource; preserve current role visibility after ACL mapping","Every direct target URL and action requires Policy/ability; hidden navigation never substitutes authorization",migrate_with_resource_wave,"8-role visibility matrix; direct URL wrong-role test; route target resolves; ordering/group label parity"
73,1,Общее,"КАНВА И КОЛЛАЖ > Канвас > Общее",74,1,,/admin/canvas-header/1/edit,_self,,canvas-header,Resource,"App\Filament\Clusters\Content\Resources\CanvasHeaderResource","КАНВА И КОЛЛАЖ","Visible only when user can access target page/resource; preserve current role visibility after ACL mapping","Every direct target URL and action requires Policy/ability; hidden navigation never substitutes authorization",migrate_with_resource_wave,"8-role visibility matrix; direct URL wrong-role test; route target resolves; ordering/group label parity"
215,1,"Слайдер Канва","КАНВА И КОЛЛАЖ > Канвас > Слайдер Канва",74,3,voyager.canvas-slider.index,,_self,,canvas-slider,Resource,"App\Filament\Clusters\Content\Resources\CanvasSliderResource","КАНВА И КОЛЛАЖ","Visible only when user can access target page/resource; preserve current role visibility after ACL mapping","Every direct target URL and action requires Policy/ability; hidden navigation never substitutes authorization",migrate_with_resource_wave,"8-role visibility matrix; direct URL wrong-role test; route target resolves; ordering/group label parity"
198,1,"Коллаж New","КАНВА И КОЛЛАЖ > Коллаж New",121,2,,,_self,,,"Navigation group","AdminPanelProvider navigationGroups()","КАНВА И КОЛЛАЖ","Visible only when user can access target page/resource; preserve current role visibility after ACL mapping","Every direct target URL and action requires Policy/ability; hidden navigation never substitutes authorization",migrate_group,"8-role visibility matrix; direct URL wrong-role test; route target resolves; ordering/group label parity"
200,1,"Ваш ЗАКАЗ будет состоять из","КАНВА И КОЛЛАЖ > Коллаж New > Ваш ЗАКАЗ будет состоять из",198,4,voyager.a-collage-order-screen.index,,_self,,a-collage-order-screen,Resource,"App\Filament\Clusters\Content\Resources\ACollageOrderScreenResource","КАНВА И КОЛЛАЖ","Visible only when user can access target page/resource; preserve current role visibility after ACL mapping","Every direct target URL and action requires Policy/ability; hidden navigation never substitutes authorization",migrate_with_resource_wave,"8-role visibility matrix; direct URL wrong-role test; route target resolves; ordering/group label parity"
209,1,"Генератор Стикеры","КАНВА И КОЛЛАЖ > Коллаж New > Генератор Стикеры",198,9,voyager.a-collage-stiker.index,,_self,,a-collage-stiker,Resource,"App\Filament\Clusters\Catalog\Resources\ACollageStikerResource","КАНВА И КОЛЛАЖ","Visible only when user can access target page/resource; preserve current role visibility after ACL mapping","Every direct target URL and action requires Policy/ability; hidden navigation never substitutes authorization",migrate_with_resource_wave,"8-role visibility matrix; direct URL wrong-role test; route target resolves; ordering/group label parity"
208,1,"Генератор Стикеры Категории","КАНВА И КОЛЛАЖ > Коллаж New > Генератор Стикеры Категории",198,8,voyager.a-collage-sticker-group.index,,_self,,a-collage-sticker-group,Resource,"App\Filament\Clusters\Catalog\Resources\ACollageStickerGroupResource","КАНВА И КОЛЛАЖ","Visible only when user can access target page/resource; preserve current role visibility after ACL mapping","Every direct target URL and action requires Policy/ability; hidden navigation never substitutes authorization",migrate_with_resource_wave,"8-role visibility matrix; direct URL wrong-role test; route target resolves; ordering/group label parity"
207,1,"Генератор Фоны","КАНВА И КОЛЛАЖ > Коллаж New > Генератор Фоны",198,7,voyager.a-collage-fons.index,,_self,,a-collage-fons,Resource,"App\Filament\Clusters\Catalog\Resources\ACollageFonsResource","КАНВА И КОЛЛАЖ","Visible only when user can access target page/resource; preserve current role visibility after ACL mapping","Every direct target URL and action requires Policy/ability; hidden navigation never substitutes authorization",migrate_with_resource_wave,"8-role visibility matrix; direct URL wrong-role test; route target resolves; ordering/group label parity"
206,1,"Генератор Цвета","КАНВА И КОЛЛАЖ > Коллаж New > Генератор Цвета",198,6,voyager.a-collage-generator-colors.index,,_self,,a-collage-generator-colors,Resource,"App\Filament\Clusters\Catalog\Resources\ACollageGeneratorColorsResource","КАНВА И КОЛЛАЖ","Visible only when user can access target page/resource; preserve current role visibility after ACL mapping","Every direct target URL and action requires Policy/ability; hidden navigation never substitutes authorization",migrate_with_resource_wave,"8-role visibility matrix; direct URL wrong-role test; route target resolves; ordering/group label parity"
210,1,"Общие настройки","КАНВА И КОЛЛАЖ > Коллаж New > Общие настройки",198,10,voyager.a-collage-head.index,,_self,,a-collage-head,Resource,"App\Filament\Clusters\Content\Resources\ACollageHeadResource","КАНВА И КОЛЛАЖ","Visible only when user can access target page/resource; preserve current role visibility after ACL mapping","Every direct target URL and action requires Policy/ability; hidden navigation never substitutes authorization",migrate_with_resource_wave,"8-role visibility matrix; direct URL wrong-role test; route target resolves; ordering/group label parity"
199,1,"Популярные фотоколлажи","КАНВА И КОЛЛАЖ > Коллаж New > Популярные фотоколлажи",198,3,voyager.a-collage-popular-screen.index,,_self,,a-collage-popular-screen,Resource,"App\Filament\Clusters\Content\Resources\ACollagePopularScreenResource","КАНВА И КОЛЛАЖ","Visible only when user can access target page/resource; preserve current role visibility after ACL mapping","Every direct target URL and action requires Policy/ability; hidden navigation never substitutes authorization",migrate_with_resource_wave,"8-role visibility matrix; direct URL wrong-role test; route target resolves; ordering/group label parity"
205,1,"Почему стоит выбрать КОЛЛАЖ? Примеры","КАНВА И КОЛЛАЖ > Коллаж New > Почему стоит выбрать КОЛЛАЖ? Примеры",198,5,voyager.a-collage-why-screen.index,,_self,,a-collage-why-screen,Resource,"App\Filament\Clusters\Content\Resources\ACollageWhyScreenResource","КАНВА И КОЛЛАЖ","Visible only when user can access target page/resource; preserve current role visibility after ACL mapping","Every direct target URL and action requires Policy/ability; hidden navigation never substitutes authorization",migrate_with_resource_wave,"8-role visibility matrix; direct URL wrong-role test; route target resolves; ordering/group label parity"
197,1,"Преимущества VIAR","КАНВА И КОЛЛАЖ > Коллаж New > Преимущества VIAR",198,2,voyager.a-collage-advantage-screen.index,,_self,,a-collage-advantage-screen,Resource,"App\Filament\Clusters\Content\Resources\ACollageAdvantageScreenResource","КАНВА И КОЛЛАЖ","Visible only when user can access target page/resource; preserve current role visibility after ACL mapping","Every direct target URL and action requires Policy/ability; hidden navigation never substitutes authorization",migrate_with_resource_wave,"8-role visibility matrix; direct URL wrong-role test; route target resolves; ordering/group label parity"
196,1,Слайдер,"КАНВА И КОЛЛАЖ > Коллаж New > Слайдер",198,1,voyager.a-collage-slider.index,,_self,,a-collage-slider,Resource,"App\Filament\Clusters\Content\Resources\ACollageSliderResource","КАНВА И КОЛЛАЖ","Visible only when user can access target page/resource; preserve current role visibility after ACL mapping","Every direct target URL and action requires Policy/ability; hidden navigation never substitutes authorization",migrate_with_resource_wave,"8-role visibility matrix; direct URL wrong-role test; route target resolves; ordering/group label parity"
105,1,"Модульные картины","КАНВА И КОЛЛАЖ > Модульные картины",121,3,,,_self,,,"Navigation group","AdminPanelProvider navigationGroups()","КАНВА И КОЛЛАЖ","Visible only when user can access target page/resource; preserve current role visibility after ACL mapping","Every direct target URL and action requires Policy/ability; hidden navigation never substitutes authorization",migrate_group,"8-role visibility matrix; direct URL wrong-role test; route target resolves; ordering/group label parity"
123,1,Общее,Общее,112,1,,/admin/graph-por-styl-page/1/edit,_self,,graph-por-styl-page,Resource,"App\Filament\Clusters\Content\Resources\GraphPorStylPageResource",Общее,"Visible only when user can access target page/resource; preserve current role visibility after ACL mapping","Every direct target URL and action requires Policy/ability; hidden navigation never substitutes authorization",migrate_with_resource_wave,"8-role visibility matrix; direct URL wrong-role test; route target resolves; ordering/group label parity"
115,1,Общее,Общее,116,1,,/admin/oil-header/1/edit,_self,,oil-header,Resource,"App\Filament\Clusters\Content\Resources\OilHeaderResource",Общее,"Visible only when user can access target page/resource; preserve current role visibility after ACL mapping","Every direct target URL and action requires Policy/ability; hidden navigation never substitutes authorization",migrate_with_resource_wave,"8-role visibility matrix; direct URL wrong-role test; route target resolves; ordering/group label parity"
189,1,"Общие Страницы","Общие Страницы",,10,,,_self,voyager-treasure-open,,"Navigation group","AdminPanelProvider navigationGroups()","Общие Страницы","Visible only when user can access target page/resource; preserve current role visibility after ACL mapping","Every direct target URL and action requires Policy/ability; hidden navigation never substitutes authorization",migrate_group,"8-role visibility matrix; direct URL wrong-role test; route target resolves; ordering/group label parity"
88,1,"Faq описание","Общие Страницы > Faq описание",189,10,,/admin/page-faq-desc/1/edit,_self,,page-faq-desc,Resource,"App\Filament\Clusters\Content\Resources\PageFaqDescResource","Общие Страницы","Visible only when user can access target page/resource; preserve current role visibility after ACL mapping","Every direct target URL and action requires Policy/ability; hidden navigation never substitutes authorization",migrate_with_resource_wave,"8-role visibility matrix; direct URL wrong-role test; route target resolves; ordering/group label parity"
14,1,"LV-Latvia LT-Lietuva","Общие Страницы > LV-Latvia LT-Lietuva",189,19,voyager.locales.index,,_self,,locales,"Custom Page + versioned publisher","App\Filament\Clusters\Translations\Pages\LocaleManager","Общие Страницы","Visible only when user can access target page/resource; preserve current role visibility after ACL mapping","Every direct target URL and action requires Policy/ability; hidden navigation never substitutes authorization",migrate_with_resource_wave,"8-role visibility matrix; direct URL wrong-role test; route target resolves; ordering/group label parity"
150,1,"PDF отчет","Общие Страницы > PDF отчет",189,18,,/admin/order-strings/1/edit,_self,voyager-news,order-strings,Resource,"App\Filament\Clusters\Crm\Resources\OrderStringsResource","Общие Страницы","Visible only when user can access target page/resource; preserve current role visibility after ACL mapping","Every direct target URL and action requires Policy/ability; hidden navigation never substitutes authorization",migrate_with_resource_wave,"8-role visibility matrix; direct URL wrong-role test; route target resolves; ordering/group label parity"
165,1,"Url страниц","Общие Страницы > Url страниц",189,21,voyager.page-slugs.index,,_self,,page-slugs,Resource,"App\Filament\Clusters\Seo\Resources\PageSlugsResource","Общие Страницы","Visible only when user can access target page/resource; preserve current role visibility after ACL mapping","Every direct target URL and action requires Policy/ability; hidden navigation never substitutes authorization",migrate_with_resource_wave,"8-role visibility matrix; direct URL wrong-role test; route target resolves; ordering/group label parity"
122,1,БЛОГ,"Общие Страницы > БЛОГ",189,1,,,_self,,,"Navigation group","AdminPanelProvider navigationGroups()","Общие Страницы","Visible only when user can access target page/resource; preserve current role visibility after ACL mapping","Every direct target URL and action requires Policy/ability; hidden navigation never substitutes authorization",migrate_group,"8-role visibility matrix; direct URL wrong-role test; route target resolves; ordering/group label parity"
94,1,"Блог - Мета Теги","Общие Страницы > БЛОГ > Блог - Мета Теги",122,2,,/admin/blog/1/edit,_self,,blog,Resource,"App\Filament\Clusters\Content\Resources\BlogResource","Общие Страницы","Visible only when user can access target page/resource; preserve current role visibility after ACL mapping","Every direct target URL and action requires Policy/ability; hidden navigation never substitutes authorization",migrate_with_resource_wave,"8-role visibility matrix; direct URL wrong-role test; route target resolves; ordering/group label parity"
232,1,"Блог Автор","Общие Страницы > БЛОГ > Блог Автор",122,7,voyager.blog-authors.index,,_self,,blog-authors,Resource,"App\Filament\Clusters\Content\Resources\BlogAuthorsResource","Общие Страницы","Visible only when user can access target page/resource; preserve current role visibility after ACL mapping","Every direct target URL and action requires Policy/ability; hidden navigation never substitutes authorization",migrate_with_resource_wave,"8-role visibility matrix; direct URL wrong-role test; route target resolves; ordering/group label parity"
224,1,"Блог блоки для категорий","Общие Страницы > БЛОГ > Блог блоки для категорий",122,4,voyager.blog-categories-short-blocks.index,,_self,,blog-categories-short-blocks,Resource,"App\Filament\Clusters\Content\Resources\BlogCategoriesShortBlocksResource","Общие Страницы","Visible only when user can access target page/resource; preserve current role visibility after ACL mapping","Every direct target URL and action requires Policy/ability; hidden navigation never substitutes authorization",migrate_with_resource_wave,"8-role visibility matrix; direct URL wrong-role test; route target resolves; ordering/group label parity"
223,1,"Блог категории","Общие Страницы > БЛОГ > Блог категории",122,3,voyager.blog-categories.index,,_self,,blog-categories,Resource,"App\Filament\Clusters\Content\Resources\BlogCategoriesResource","Общие Страницы","Visible only when user can access target page/resource; preserve current role visibility after ACL mapping","Every direct target URL and action requires Policy/ability; hidden navigation never substitutes authorization",migrate_with_resource_wave,"8-role visibility matrix; direct URL wrong-role test; route target resolves; ordering/group label parity"
231,1,"Блог реклама","Общие Страницы > БЛОГ > Блог реклама",122,6,voyager.blog-reklama.index,,_self,,blog-reklama,Resource,"App\Filament\Clusters\Content\Resources\BlogReklamaResource","Общие Страницы","Visible only when user can access target page/resource; preserve current role visibility after ACL mapping","Every direct target URL and action requires Policy/ability; hidden navigation never substitutes authorization",migrate_with_resource_wave,"8-role visibility matrix; direct URL wrong-role test; route target resolves; ordering/group label parity"
229,1,"Блог типы Рекламы","Общие Страницы > БЛОГ > Блог типы Рекламы",122,5,voyager.blog-reklama-type.index,,_self,,blog-reklama-type,Resource,"App\Filament\Clusters\Content\Resources\BlogReklamaTypeResource","Общие Страницы","Visible only when user can access target page/resource; preserve current role visibility after ACL mapping","Every direct target URL and action requires Policy/ability; hidden navigation never substitutes authorization",migrate_with_resource_wave,"8-role visibility matrix; direct URL wrong-role test; route target resolves; ordering/group label parity"
93,1,Блог-Статьи,"Общие Страницы > БЛОГ > Блог-Статьи",122,1,voyager.blog-posts.index,,_self,,blog-posts,Resource,"App\Filament\Clusters\Content\Resources\BlogPostsResource","Общие Страницы","Visible only when user can access target page/resource; preserve current role visibility after ACL mapping","Every direct target URL and action requires Policy/ability; hidden navigation never substitutes authorization",migrate_with_resource_wave,"8-role visibility matrix; direct URL wrong-role test; route target resolves; ordering/group label parity"
87,1,"Вопросы и ответы","Общие Страницы > Вопросы и ответы",189,9,voyager.page-faq.index,,_self,,page-faq,Resource,"App\Filament\Clusters\Content\Resources\PageFaqResource","Общие Страницы","Visible only when user can access target page/resource; preserve current role visibility after ACL mapping","Every direct target URL and action requires Policy/ability; hidden navigation never substitutes authorization",migrate_with_resource_wave,"8-role visibility matrix; direct URL wrong-role test; route target resolves; ordering/group label parity"
233,1,"Изготовление время и цена","Общие Страницы > Изготовление время и цена",189,17,voyager.a-production-time.index,,_self,,a-production-time,Resource,"App\Filament\Clusters\Commerce\Resources\AProductionTimeResource","Общие Страницы","Visible only when user can access target page/resource; preserve current role visibility after ACL mapping","Every direct target URL and action requires Policy/ability; hidden navigation never substitutes authorization",migrate_with_resource_wave,"8-role visibility matrix; direct URL wrong-role test; route target resolves; ordering/group label parity"
48,1,"Инфо Страницы","Общие Страницы > Инфо Страницы",189,8,voyager.pages.index,,_self,,pages,Resource,"App\Filament\Clusters\Content\Resources\PagesResource","Общие Страницы","Visible only when user can access target page/resource; preserve current role visibility after ACL mapping","Every direct target URL and action requires Policy/ability; hidden navigation never substitutes authorization",migrate_with_resource_wave,"8-role visibility matrix; direct URL wrong-role test; route target resolves; ordering/group label parity"
192,1,"Канал продаж","Общие Страницы > Канал продаж",189,16,voyager.a-order-from.index,,_self,,a-order-from,Resource,"App\Filament\Clusters\Crm\Resources\AOrderFromResource","Общие Страницы","Visible only when user can access target page/resource; preserve current role visibility after ACL mapping","Every direct target URL and action requires Policy/ability; hidden navigation never substitutes authorization",migrate_with_resource_wave,"8-role visibility matrix; direct URL wrong-role test; route target resolves; ordering/group label parity"
147,1,Корзина,"Общие Страницы > Корзина",189,3,,,_self,voyager-basket,,"Navigation group","AdminPanelProvider navigationGroups()","Общие Страницы","Visible only when user can access target page/resource; preserve current role visibility after ACL mapping","Every direct target URL and action requires Policy/ability; hidden navigation never substitutes authorization",migrate_group,"8-role visibility matrix; direct URL wrong-role test; route target resolves; ordering/group label parity"
220,1,"Доставка Самовывоз","Общие Страницы > Корзина > Доставка Самовывоз",147,2,voyager.delivery-pickup-at-viar-workshop.index,,_self,,delivery-pickup-at-viar-workshop,Resource,"App\Filament\Clusters\Commerce\Resources\DeliveryPickupAtViarWorkshopResource","Общие Страницы","Visible only when user can access target page/resource; preserve current role visibility after ACL mapping","Every direct target URL and action requires Policy/ability; hidden navigation never substitutes authorization",migrate_with_resource_wave,"8-role visibility matrix; direct URL wrong-role test; route target resolves; ordering/group label parity"
148,1,Страны/телефоны,"Общие Страницы > Корзина > Страны/телефоны",147,1,voyager.country-tels.index,,_self,,country-tels,Resource,"App\Filament\Clusters\Content\Resources\CountryTelsResource","Общие Страницы","Visible only when user can access target page/resource; preserve current role visibility after ACL mapping","Every direct target URL and action requires Policy/ability; hidden navigation never substitutes authorization",migrate_with_resource_wave,"8-role visibility matrix; direct URL wrong-role test; route target resolves; ordering/group label parity"
68,1,"Меню в footer","Общие Страницы > Меню в footer",189,14,,/admin/menus/3/builder,_self,voyager-list-add,menus,Resource,"App\Filament\Clusters\Content\Resources\MenusResource","Общие Страницы","Visible only when user can access target page/resource; preserve current role visibility after ACL mapping","Every direct target URL and action requires Policy/ability; hidden navigation never substitutes authorization",migrate_with_resource_wave,"8-role visibility matrix; direct URL wrong-role test; route target resolves; ordering/group label parity"
71,1,"Меню в header","Общие Страницы > Меню в header",189,13,,/admin/menus/2/builder,_self,voyager-list-add,menus,Resource,"App\Filament\Clusters\Content\Resources\MenusResource","Общие Страницы","Visible only when user can access target page/resource; preserve current role visibility after ACL mapping","Every direct target URL and action requires Policy/ability; hidden navigation never substitutes authorization",migrate_with_resource_wave,"8-role visibility matrix; direct URL wrong-role test; route target resolves; ordering/group label parity"
237,1,"Наша Команда","Общие Страницы > Наша Команда",189,7,voyager.our-team.index,,_self,,our-team,Resource,"App\Filament\Clusters\Content\Resources\OurTeamResource","Общие Страницы","Visible only when user can access target page/resource; preserve current role visibility after ACL mapping","Every direct target URL and action requires Policy/ability; hidden navigation never substitutes authorization",migrate_with_resource_wave,"8-role visibility matrix; direct URL wrong-role test; route target resolves; ordering/group label parity"
160,1,"Оставить отзыв","Общие Страницы > Оставить отзыв",189,12,,/admin/send-rev/1/edit,_self,,send-rev,Resource,"App\Filament\Clusters\Crm\Resources\SendRevResource","Общие Страницы","Visible only when user can access target page/resource; preserve current role visibility after ACL mapping","Every direct target URL and action requires Policy/ability; hidden navigation never substitutes authorization",migrate_with_resource_wave,"8-role visibility matrix; direct URL wrong-role test; route target resolves; ordering/group label parity"
92,1,Отзывы,"Общие Страницы > Отзывы",189,11,voyager.our-works.index,,_self,,our-works,Resource,"App\Filament\Clusters\Catalog\Resources\OurWorksResource","Общие Страницы","Visible only when user can access target page/resource; preserve current role visibility after ACL mapping","Every direct target URL and action requires Policy/ability; hidden navigation never substitutes authorization",migrate_with_resource_wave,"8-role visibility matrix; direct URL wrong-role test; route target resolves; ordering/group label parity"
238,1,"Офисы - Адреса","Общие Страницы > Офисы - Адреса",189,5,voyager.address.index,,_self,,address,Resource,"App\Filament\Clusters\Content\Resources\AddressResource","Общие Страницы","Visible only when user can access target page/resource; preserve current role visibility after ACL mapping","Every direct target URL and action requires Policy/ability; hidden navigation never substitutes authorization",migrate_with_resource_wave,"8-role visibility matrix; direct URL wrong-role test; route target resolves; ordering/group label parity"
162,1,Партнерство,"Общие Страницы > Партнерство",189,15,voyager.page-partnership.index,,_self,,page-partnership,Resource,"App\Filament\Clusters\Content\Resources\PagePartnershipResource","Общие Страницы","Visible only when user can access target page/resource; preserve current role visibility after ACL mapping","Every direct target URL and action requires Policy/ability; hidden navigation never substitutes authorization",migrate_with_resource_wave,"8-role visibility matrix; direct URL wrong-role test; route target resolves; ordering/group label parity"
234,1,"Рабочий процесс","Общие Страницы > Рабочий процесс",189,6,voyager.our-working-process.index,,_self,,our-working-process,Resource,"App\Filament\Clusters\Content\Resources\OurWorkingProcessResource","Общие Страницы","Visible only when user can access target page/resource; preserve current role visibility after ACL mapping","Every direct target URL and action requires Policy/ability; hidden navigation never substitutes authorization",migrate_with_resource_wave,"8-role visibility matrix; direct URL wrong-role test; route target resolves; ordering/group label parity"
142,1,Скидки/Акции,"Общие Страницы > Скидки/Акции",189,2,,,_self,voyager-pizza,,"Navigation group","AdminPanelProvider navigationGroups()","Общие Страницы","Visible only when user can access target page/resource; preserve current role visibility after ACL mapping","Every direct target URL and action requires Policy/ability; hidden navigation never substitutes authorization",migrate_group,"8-role visibility matrix; direct URL wrong-role test; route target resolves; ordering/group label parity"
141,1,Купоны,"Общие Страницы > Скидки/Акции > Купоны",142,2,voyager.coupons.index,,_self,,coupons,Resource,"App\Filament\Clusters\Catalog\Resources\CouponsResource","Общие Страницы","Visible only when user can access target page/resource; preserve current role visibility after ACL mapping","Every direct target URL and action requires Policy/ability; hidden navigation never substitutes authorization",migrate_with_resource_wave,"8-role visibility matrix; direct URL wrong-role test; route target resolves; ordering/group label parity"
145,1,Номиналы,"Общие Страницы > Скидки/Акции > Номиналы",142,4,voyager.gift-card-noms.index,,_self,,gift-card-noms,Resource,"App\Filament\Clusters\Commerce\Resources\GiftCardNomsResource","Общие Страницы","Visible only when user can access target page/resource; preserve current role visibility after ACL mapping","Every direct target URL and action requires Policy/ability; hidden navigation never substitutes authorization",migrate_with_resource_wave,"8-role visibility matrix; direct URL wrong-role test; route target resolves; ordering/group label parity"
144,1,"Подарочная карта","Общие Страницы > Скидки/Акции > Подарочная карта",142,3,,/admin/gift-card/1/edit,_self,,gift-card,Resource,"App\Filament\Clusters\Commerce\Resources\GiftCardResource","Общие Страницы","Visible only when user can access target page/resource; preserve current role visibility after ACL mapping","Every direct target URL and action requires Policy/ability; hidden navigation never substitutes authorization",migrate_with_resource_wave,"8-role visibility matrix; direct URL wrong-role test; route target resolves; ordering/group label parity"
139,1,Скидки,"Общие Страницы > Скидки/Акции > Скидки",142,1,,/admin/stocks/1/edit,_self,,stocks,Resource,"App\Filament\Clusters\Catalog\Resources\StocksResource","Общие Страницы","Visible only when user can access target page/resource; preserve current role visibility after ACL mapping","Every direct target URL and action requires Policy/ability; hidden navigation never substitutes authorization",migrate_with_resource_wave,"8-role visibility matrix; direct URL wrong-role test; route target resolves; ordering/group label parity"
194,1,"Цвет статуса для художника","Общие Страницы > Цвет статуса для художника",189,20,voyager.a-painter-images-status.index,,_self,,a-painter-images-status,Resource,"App\Filament\Clusters\Crm\Resources\APainterImagesStatusResource","Общие Страницы","Visible only when user can access target page/resource; preserve current role visibility after ACL mapping","Every direct target URL and action requires Policy/ability; hidden navigation never substitutes authorization",migrate_with_resource_wave,"8-role visibility matrix; direct URL wrong-role test; route target resolves; ordering/group label parity"
195,1,"Э-почта Топ продажи","Общие Страницы > Э-почта Топ продажи",189,4,voyager.a-mail-top-sale.index,,_self,,a-mail-top-sale,Resource,"App\Filament\Clusters\Content\Resources\AMailTopSaleResource","Общие Страницы","Visible only when user can access target page/resource; preserve current role visibility after ACL mapping","Every direct target URL and action requires Policy/ability; hidden navigation never substitutes authorization",migrate_with_resource_wave,"8-role visibility matrix; direct URL wrong-role test; route target resolves; ordering/group label parity"
252,1,Отзывы,Отзывы,,17,voyager.reviews.index,,_self,,reviews,Resource,"App\Filament\Clusters\Content\Resources\ReviewsResource",Отзывы,"Visible only when user can access target page/resource; preserve current role visibility after ACL mapping","Every direct target URL and action requires Policy/ability; hidden navigation never substitutes authorization",migrate_with_resource_wave,"8-role visibility matrix; direct URL wrong-role test; route target resolves; ordering/group label parity"
135,1,ПОРТРЕТЫ,ПОРТРЕТЫ,,5,,,_self,voyager-file-text,,"Navigation group","AdminPanelProvider navigationGroups()",ПОРТРЕТЫ,"Visible only when user can access target page/resource; preserve current role visibility after ACL mapping","Every direct target URL and action requires Policy/ability; hidden navigation never substitutes authorization",migrate_group,"8-role visibility matrix; direct URL wrong-role test; route target resolves; ordering/group label parity"
120,1,"Картины до/после","ПОРТРЕТЫ > Картины до/после",135,2,voyager.port-before-after.index,,_self,,port-before-after,Resource,"App\Filament\Clusters\Content\Resources\PortBeforeAfterResource",ПОРТРЕТЫ,"Visible only when user can access target page/resource; preserve current role visibility after ACL mapping","Every direct target URL and action requires Policy/ability; hidden navigation never substitutes authorization",migrate_with_resource_wave,"8-role visibility matrix; direct URL wrong-role test; route target resolves; ordering/group label parity"
217,1,"Слайдеры для портретов","ПОРТРЕТЫ > Слайдеры для портретов",135,3,voyager.portrait-slider.index,,_self,,portrait-slider,Resource,"App\Filament\Clusters\Content\Resources\PortraitSliderResource",ПОРТРЕТЫ,"Visible only when user can access target page/resource; preserve current role visibility after ACL mapping","Every direct target URL and action requires Policy/ability; hidden navigation never substitutes authorization",migrate_with_resource_wave,"8-role visibility matrix; direct URL wrong-role test; route target resolves; ordering/group label parity"
133,1,"Товары Графические портреты","ПОРТРЕТЫ > Товары Графические портреты",135,1,,/admin/gallery-items/?type=5,_self,,gallery-items,Resource,"App\Filament\Clusters\Catalog\Resources\GalleryItemsResource",ПОРТРЕТЫ,"Visible only when user can access target page/resource; preserve current role visibility after ACL mapping","Every direct target URL and action requires Policy/ability; hidden navigation never substitutes authorization",migrate_with_resource_wave,"8-role visibility matrix; direct URL wrong-role test; route target resolves; ordering/group label parity"
13,1,"Перевод страниц","Перевод страниц",,2,,/admin/translations,_self,voyager-book,translations,"Translation manager Page","App\Filament\Clusters\Translations\Pages\TranslationManager","Перевод страниц","Visible only when user can access target page/resource; preserve current role visibility after ACL mapping","Every direct target URL and action requires Policy/ability; hidden navigation never substitutes authorization",migrate_with_versioned_publisher,"8-role visibility matrix; direct URL wrong-role test; route target resolves; ordering/group label parity"
69,1,Пользователи,Пользователи,,3,,,_self,voyager-person,,"Navigation group","AdminPanelProvider navigationGroups()",Пользователи,"Visible only when user can access target page/resource; preserve current role visibility after ACL mapping","Every direct target URL and action requires Policy/ability; hidden navigation never substitutes authorization",migrate_group,"8-role visibility matrix; direct URL wrong-role test; route target resolves; ordering/group label parity"
143,1,Активности,"Пользователи > Активности",69,1,voyager.order-action.index,,_self,voyager-basket,order-action,"Server-side Resource","App\Filament\Clusters\Crm\Resources\OrderActionResource",Пользователи,"Visible only when user can access target page/resource; preserve current role visibility after ACL mapping","Every direct target URL and action requires Policy/ability; hidden navigation never substitutes authorization",migrate_with_resource_wave,"8-role visibility matrix; direct URL wrong-role test; route target resolves; ordering/group label parity"
168,1,Клиенты,"Пользователи > Клиенты",69,4,,/admin/user_filter,_self,voyager-person,user_filter,"Custom Page/Action","Resolve through appendix-filament-custom-route-map.csv",Пользователи,"Visible only when user can access target page/resource; preserve current role visibility after ACL mapping","Every direct target URL and action requires Policy/ability; hidden navigation never substitutes authorization",needs_route_linkage_review,"8-role visibility matrix; direct URL wrong-role test; route target resolves; ordering/group label parity"
3,1,Пользователи,"Пользователи > Пользователи",69,2,voyager.users.index,,_self,voyager-person,users,"Resource + custom Pages/Actions","App\Filament\Clusters\Access\Resources\UserResource",Пользователи,"Visible only when user can access target page/resource; preserve current role visibility after ACL mapping","Every direct target URL and action requires Policy/ability; hidden navigation never substitutes authorization",migrate_with_resource_wave,"8-role visibility matrix; direct URL wrong-role test; route target resolves; ordering/group label parity"
4,1,Роли,"Пользователи > Роли",69,3,voyager.roles.index,,_self,voyager-lock,roles,"Resource + permission matrix Page","App\Filament\Clusters\Access\Resources\RoleResource",Пользователи,"Visible only when user can access target page/resource; preserve current role visibility after ACL mapping","Every direct target URL and action requires Policy/ability; hidden navigation never substitutes authorization",migrate_with_resource_wave,"8-role visibility matrix; direct URL wrong-role test; route target resolves; ordering/group label parity"
193,1,"Типы клиентов","Пользователи > Типы клиентов",69,5,voyager.user-types.index,,_self,,user-types,Resource,"App\Filament\Clusters\Access\Resources\UserTypesResource",Пользователи,"Visible only when user can access target page/resource; preserve current role visibility after ACL mapping","Every direct target URL and action requires Policy/ability; hidden navigation never substitutes authorization",migrate_with_resource_wave,"8-role visibility matrix; direct URL wrong-role test; route target resolves; ordering/group label parity"
132,1,"Портерное превосходство","Портерное превосходство",116,4,voyager.port-prev-items.index,,_self,,port-prev-items,Resource,"App\Filament\Clusters\Content\Resources\PortPrevItemsResource","Портерное превосходство","Visible only when user can access target page/resource; preserve current role visibility after ACL mapping","Every direct target URL and action requires Policy/ability; hidden navigation never substitutes authorization",migrate_with_resource_wave,"8-role visibility matrix; direct URL wrong-role test; route target resolves; ordering/group label parity"
125,1,"Портреты в образе","Портреты в образе",124,1,voyager.styl-page-port-obr.index,,_self,,styl-page-port-obr,Resource,"App\Filament\Clusters\Content\Resources\StylPagePortObrResource","Портреты в образе","Visible only when user can access target page/resource; preserve current role visibility after ACL mapping","Every direct target URL and action requires Policy/ability; hidden navigation never substitutes authorization",migrate_with_resource_wave,"8-role visibility matrix; direct URL wrong-role test; route target resolves; ordering/group label parity"
131,1,"Портреты любой сложности","Портреты любой сложности",116,3,voyager.portraits-hard.index,,_self,,portraits-hard,Resource,"App\Filament\Clusters\Content\Resources\PortraitsHardResource","Портреты любой сложности","Visible only when user can access target page/resource; preserve current role visibility after ACL mapping","Every direct target URL and action requires Policy/ability; hidden navigation never substitutes authorization",migrate_with_resource_wave,"8-role visibility matrix; direct URL wrong-role test; route target resolves; ordering/group label parity"
128,1,"Портреты шарж","Портреты шарж",112,2,voyager.sharj-work-ex.index,,_self,,sharj-work-ex,Resource,"App\Filament\Clusters\Content\Resources\SharjWorkExResource","Портреты шарж","Visible only when user can access target page/resource; preserve current role visibility after ACL mapping","Every direct target URL and action requires Policy/ability; hidden navigation never substitutes authorization",migrate_with_resource_wave,"8-role visibility matrix; direct URL wrong-role test; route target resolves; ordering/group label parity"
166,1,"Стилизация картин","Стилизация картин",124,4,,/admin/styl-page/1/edit,_self,,styl-page,Resource,"App\Filament\Clusters\Content\Resources\StylPageResource","Стилизация картин","Visible only when user can access target page/resource; preserve current role visibility after ACL mapping","Every direct target URL and action requires Policy/ability; hidden navigation never substitutes authorization",migrate_with_resource_wave,"8-role visibility matrix; direct URL wrong-role test; route target resolves; ordering/group label parity"
167,1,Товар,Товар,116,5,,/admin/gallery-items/29/edit,_self,,gallery-items,Resource,"App\Filament\Clusters\Catalog\Resources\GalleryItemsResource",Товар,"Visible only when user can access target page/resource; preserve current role visibility after ACL mapping","Every direct target URL and action requires Policy/ability; hidden navigation never substitutes authorization",migrate_with_resource_wave,"8-role visibility matrix; direct URL wrong-role test; route target resolves; ordering/group label parity"
117,1,"Что это/требования","Что это/требования",116,2,,/admin/oil-what-req/1/edit,_self,,oil-what-req,Resource,"App\Filament\Clusters\Content\Resources\OilWhatReqResource","Что это/требования","Visible only when user can access target page/resource; preserve current role visibility after ACL mapping","Every direct target URL and action requires Policy/ability; hidden navigation never substitutes authorization",migrate_with_resource_wave,"8-role visibility matrix; direct URL wrong-role test; route target resolves; ordering/group label parity"
