data_type_id,slug,table,model,table_exists,model_exists,controller,controller_exists,server_side,data_rows,table_rows,relationship_rows,translation_rows,translation_locales,permission_keys,permission_role_assignments,migration_class
1,users,users,"TCG\Voyager\Models\User",1,1,"TCG\Voyager\Http\Controllers\VoyagerUserController",1,1,43,23801,2,0,,add_users|browse_users|delete_users|edit_users|read_users,21,custom_resource_or_page
2,menus,menus,"TCG\Voyager\Models\Menu",1,1,,,0,4,3,0,0,,add_menus|browse_menus|delete_menus|edit_menus|read_menus,19,standard_resource_review
3,roles,roles,"TCG\Voyager\Models\Role",1,1,"TCG\Voyager\Http\Controllers\VoyagerRoleController",1,0,5,8,0,0,,add_roles|browse_roles|delete_roles|edit_roles|read_roles,14,custom_resource_or_page
5,locales,locales,"App\Models\Locale",1,1,"App\Http\Controllers\Admin\AdminLocaleController",1,0,5,7,0,0,,add_locales|browse_locales|delete_locales|edit_locales|read_locales,19,custom_resource_or_page
6,pages,pages,"App\Models\Page",1,1,,,0,9,7,0,175,de|ee|en|lt|lv|pl|ru,add_pages|browse_pages|delete_pages|edit_pages|read_pages,19,localized_resource
7,gallery-types,gallery_types,"App\Models\GalleryType",1,1,,,0,7,7,0,42,de|ee|lt|lv|pl|ru,add_gallery_types|browse_gallery_types|delete_gallery_types|edit_gallery_types|read_gallery_types,17,localized_resource
8,gallery-categories,gallery_categories,"App\Models\GalleryCategory",1,1,,,0,17,41,1,580,de|ee|lt|lv|pl|ru,add_gallery_categories|browse_gallery_categories|delete_gallery_categories|edit_gallery_categories|read_gallery_categories,18,localized_resource
9,gallery-sizes,gallery_sizes,"App\Models\GallerySize",1,1,,,0,7,80,0,4,en,add_gallery_sizes|browse_gallery_sizes|delete_gallery_sizes|edit_gallery_sizes|read_gallery_sizes,18,localized_resource
10,gallery-holsts,gallery_holsts,"App\Models\GalleryHolst",1,1,,,0,10,5,0,105,de|ee|en|lt|lv|pl|ru,add_gallery_holsts|browse_gallery_holsts|delete_gallery_holsts|edit_gallery_holsts|read_gallery_holsts,18,localized_resource
11,gallery-boxes,gallery_boxes,"App\Models\GalleryBox",1,1,,,0,7,3,0,40,de|ee|en|lt|lv|pl|ru,add_gallery_boxes|browse_gallery_boxes|delete_gallery_boxes|edit_gallery_boxes|read_gallery_boxes,18,localized_resource
12,gallery-tag-rooms,gallery_tag_rooms,"App\Models\GalleryTagRoom",1,1,,,0,4,6,0,36,de|ee|lt|lv|pl|ru,add_gallery_tag_rooms|browse_gallery_tag_rooms|delete_gallery_tag_rooms|edit_gallery_tag_rooms|read_gallery_tag_rooms,18,localized_resource
13,gallery-tag-colors,gallery_tag_colors,"App\Models\GalleryTagColor",1,1,,,0,5,14,0,0,,add_gallery_tag_colors|browse_gallery_tag_colors|delete_gallery_tag_colors|edit_gallery_tag_colors|read_gallery_tag_colors,18,standard_resource_review
16,gallery-items,gallery_items,"App\Models\GalleryItem",1,1,,,1,76,1038,10,33551,de|ee|en|lt|lv|pl|ru,add_gallery_items|browse_gallery_items|delete_gallery_items|edit_gallery_items|read_gallery_items,18,localized_resource
18,orders,orders,"App\Models\Orders",1,1,"App\Http\Controllers\OrdersController",1,1,38,14423,0,0,,add_orders|browse_orders|delete_orders|edit_orders|read_orders,17,custom_resource_or_page
20,gallery-decorations,gallery_decorations,"App\Models\GalleryDecoration",1,1,,,0,10,4,0,51,de|ee|en|lt|lv|pl|ru,add_gallery_decorations|browse_gallery_decorations|delete_gallery_decorations|edit_gallery_decorations|read_gallery_decorations,18,localized_resource
22,homepage-options,homepage_options,"App\Models\HomepageOption",1,1,,,0,12,1,0,281,de|ee|en|lt|lv|pl|ru,add_homepage_options|browse_homepage_options|delete_homepage_options|edit_homepage_options|read_homepage_options,16,localized_resource
23,homepage-topslides,homepage_topslides,"App\Models\HomepageTopslide",1,1,,,0,5,8,0,102,de|ee|en|lt|lv|pl|ru,add_homepage_topslides|browse_homepage_topslides|delete_homepage_topslides|edit_homepage_topslides|read_homepage_topslides,18,localized_resource
27,canvas,canvas,"App\Models\Canva",0,0,,,0,14,,0,40,ee|en|lt|lv,add_canvas|browse_canvas|delete_canvas|edit_canvas|read_canvas,19,repair_or_retire_before_migration
29,canvas-header,canvas_header,"App\Models\CanvasHeader",1,1,,,0,48,2,0,472,de|ee|en|lt|lv|pl|ru,add_canvas_header|browse_canvas_header|delete_canvas_header|edit_canvas_header|read_canvas_header,16,localized_resource
33,canvas-what,canvas_what,"App\Models\CanvasWhat",1,1,,,0,10,2,0,89,de|ee|en|lt|lv|pl|ru,add_canvas_what|browse_canvas_what|delete_canvas_what|edit_canvas_what|read_canvas_what,18,localized_resource
34,canvas-req,canvas_req,"App\Models\CanvasReq",1,1,,,0,38,2,0,374,de|ee|en|lt|lv|pl|ru,add_canvas_req|browse_canvas_req|delete_canvas_req|edit_canvas_req|read_canvas_req,18,localized_resource
36,canvas-prices,canvas_prices,"App\Models\CanvasPrice",1,1,,,0,13,2,0,128,de|ee|en|lt|lv|pl|ru,add_canvas_prices|browse_canvas_prices|delete_canvas_prices|edit_canvas_prices|read_canvas_prices,16,localized_resource
37,gallery-page,gallery_page,"App\Models\GalleryPage",1,1,,,0,24,1,0,143,de|ee|en|lt|lv|pl|ru,add_gallery_page|browse_gallery_page|delete_gallery_page|edit_gallery_page|read_gallery_page,16,localized_resource
38,canvas-work-serv,canvas_work_serv,"App\Models\CanvasWorkServ",1,1,,,0,16,2,0,169,de|ee|en|lt|lv|pl|ru,add_canvas_work_serv|browse_canvas_work_serv|delete_canvas_work_serv|edit_canvas_work_serv|read_canvas_work_serv,18,localized_resource
39,canvas-del-time,canvas_del_time,"App\Models\CanvasDelTime",1,1,,,0,18,2,0,194,de|ee|en|lt|lv|pl|ru,add_canvas_del_time|browse_canvas_del_time|delete_canvas_del_time|edit_canvas_del_time|read_canvas_del_time,18,localized_resource
40,canvas-interiers,canvas_interiers,"App\Models\CanvasInterier",1,1,,,0,6,5,0,0,,add_canvas_interiers|browse_canvas_interiers|delete_canvas_interiers|edit_canvas_interiers|read_canvas_interiers,18,standard_resource_review
42,canvas-rams,canvas_rams,"App\Models\CanvasRam",1,1,,,0,15,10,2,60,de|ee|lt|lv|pl|ru,add_canvas_rams|browse_canvas_rams|delete_canvas_rams|edit_canvas_rams|read_canvas_rams,18,localized_resource
43,page-faq,page_faq,"App\Models\PageFaq",1,1,,,0,8,55,0,660,de|ee|lt|lv|pl|ru,add_page_faq|browse_page_faq|delete_page_faq|edit_page_faq|read_page_faq,18,localized_resource
44,page-faq-desc,page_faq_desc,"App\Models\PageFaqDesc",1,1,,,0,6,1,0,21,de|ee|en|lt|lv|pl|ru,add_page_faq_desc|browse_page_faq_desc|delete_page_faq_desc|edit_page_faq_desc|read_page_faq_desc,18,localized_resource
45,canvas-global,canvas_global,"App\Models\CanvasGlobal",1,1,,,0,12,1,0,63,de|ee|en|lt|lv|pl|ru,add_canvas_global|browse_canvas_global|delete_canvas_global|edit_canvas_global|read_canvas_global,18,localized_resource
47,canvas-comp-steps-arts-packs,canvas_comp_steps_arts_packs,"App\Models\CanvasCompStepsArtsPack",1,1,,,0,37,1,0,233,de|ee|en|lt|lv|pl|ru,add_canvas_comp_steps_arts_packs|browse_canvas_comp_steps_arts_packs|delete_canvas_comp_steps_arts_packs|edit_canvas_comp_steps_arts_packs|read_canvas_comp_steps_arts_packs,16,localized_resource
48,our-works,our_works,"App\Models\OurWork",1,1,,,0,11,17,0,53,ee|en|lt|lv|ru,add_our_works|browse_our_works|delete_our_works|edit_our_works|read_our_works,18,localized_resource
49,blog-posts,blog_posts,"App\Models\BlogPost",1,1,,,0,23,47,3,1139,de|ee|lt|lv|pl|ru,add_blog_posts|browse_blog_posts|delete_blog_posts|edit_blog_posts|read_blog_posts,18,localized_resource
50,blog,blog,"App\Models\Blog",1,1,,,0,17,1,0,72,de|ee|lt|lv|pl|ru,add_blog|browse_blog|delete_blog|edit_blog|read_blog,18,localized_resource
51,collage-header,collage_header,"App\Models\CollageHeader",1,1,,,0,36,1,1,178,de|ee|lt|lv|pl|ru,add_collage_header|browse_collage_header|delete_collage_header|edit_collage_header|read_collage_header,16,localized_resource
53,modular-pics-head,modular_pics_head,"App\Models\ModularPicsHead",1,1,,,0,15,1,1,32,de|ee|lt|lv|pl|ru,add_modular_pics_head|browse_modular_pics_head|delete_modular_pics_head|edit_modular_pics_head|read_modular_pics_head,18,localized_resource
54,mod-gall-page,mod_gall_page,"App\Models\ModGallPage",1,1,,,0,10,1,1,24,de|ee|lt|lv|pl|ru,add_mod_gall_page|browse_mod_gall_page|delete_mod_gall_page|edit_mod_gall_page|read_mod_gall_page,18,localized_resource
55,mod-photo-page,mod_photo_page,"App\Models\ModPhotoPage",1,1,,,0,10,1,1,24,de|ee|lt|lv|pl|ru,add_mod_photo_page|browse_mod_photo_page|delete_mod_photo_page|edit_mod_photo_page|read_mod_photo_page,18,localized_resource
57,mod-repr-page,mod_repr_page,"App\Models\ModReprPage",1,1,,,0,10,1,1,24,de|ee|lt|lv|pl|ru,add_mod_repr_page|browse_mod_repr_page|delete_mod_repr_page|edit_mod_repr_page|read_mod_repr_page,18,localized_resource
60,gall-globs,gall_globs,"App\Models\GallGlobs",1,1,,,0,14,1,0,66,de|ee|lt|lv|pl|ru,add_gall_globs|browse_gall_globs|delete_gall_globs|edit_gall_globs|read_gall_globs,18,localized_resource
61,gallery_filters_page,gallery_filters_page,"App\Models\GalleryFiltersPage",1,1,,,0,16,1,0,78,de|ee|lt|lv|pl|ru,add_gallery_filters_page|browse_gallery_filters_page|delete_gallery_filters_page|edit_gallery_filters_page|read_gallery_filters_page,18,localized_resource
62,graph-por-styl-page,graph_por_styl_page,"App\Models\GraphPorStylPage",1,1,,,0,39,1,0,208,de|ee|lt|lv|pl|ru,add_graph_por_styl_page|browse_graph_por_styl_page|delete_graph_por_styl_page|edit_graph_por_styl_page|read_graph_por_styl_page,16,localized_resource
64,oil-header,oil_header,"App\Models\OilHeader",1,1,,,0,31,1,0,117,de|ee|lt|lv|pl|ru,add_oil_header|browse_oil_header|delete_oil_header|edit_oil_header|read_oil_header,18,localized_resource
65,oil-what-req,oil_what_req,"App\Models\OilWhatReq",1,1,,,0,14,1,0,64,de|ee|lt|lv|pl|ru,add_oil_what_req|browse_oil_what_req|delete_oil_what_req|edit_oil_what_req|read_oil_what_req,16,localized_resource
66,modular-pics-what-size-price,modular_pics_what_size_price,"App\Models\ModularPicsWhatSizePrice",1,1,,,0,12,1,0,54,de|ee|lt|lv|pl|ru,add_modular_pics_what_size_price|browse_modular_pics_what_size_price|delete_modular_pics_what_size_price|edit_modular_pics_what_size_price|read_modular_pics_what_size_price,18,localized_resource
67,string-tranlations,string_tranlations,"App\Models\StringTranlation",1,1,,,0,69,1,0,384,de|ee|lt|lv|pl|ru,add_string_tranlations|browse_string_tranlations|delete_string_tranlations|edit_string_tranlations|read_string_tranlations,16,localized_resource
68,port-before-after,port_before_after,"App\Models\PortBeforeAfter",1,1,,,0,7,79,1,0,,add_port_before_after|browse_port_before_after|delete_port_before_after|edit_port_before_after|read_port_before_after,18,standard_resource_review
69,styl-page,styl_page,"App\Models\StylPage",1,1,,,0,13,1,0,60,de|ee|lt|lv|pl|ru,add_styl_page|browse_styl_page|delete_styl_page|edit_styl_page|read_styl_page,16,localized_resource
70,styl-page-port-obr,styl_page_port_obr,"App\Models\StylPagePortObr",1,1,,,0,5,10,0,60,de|ee|lt|lv|pl|ru,add_styl_page_port_obr|browse_styl_page_port_obr|delete_styl_page_port_obr|edit_styl_page_port_obr|read_styl_page_port_obr,18,localized_resource
71,styl-page-port-goup-obr,styl_page_port_goup_obr,"App\Models\StylPagePortGoupObr",1,1,,,0,5,8,0,48,de|ee|lt|lv|pl|ru,add_styl_page_port_goup_obr|browse_styl_page_port_goup_obr|delete_styl_page_port_goup_obr|edit_styl_page_port_goup_obr|read_styl_page_port_goup_obr,18,localized_resource
72,styl-page-info,styl_page_info,"App\Models\StylPageInfo",1,1,,,0,12,1,0,48,de|ee|lt|lv|pl|ru,add_styl_page_info|browse_styl_page_info|delete_styl_page_info|edit_styl_page_info|read_styl_page_info,18,localized_resource
73,sharj-work-ex,sharj_work_ex,"App\Models\SharjWorkEx",1,1,,,0,5,16,0,96,de|ee|lt|lv|pl|ru,add_sharj_work_ex|browse_sharj_work_ex|delete_sharj_work_ex|edit_sharj_work_ex|read_sharj_work_ex,18,localized_resource
74,sharj-work-group-ex,sharj_work_group_ex,"App\Models\SharjWorkGroupEx",1,1,,,0,5,8,0,48,de|ee|lt|lv|pl|ru,add_sharj_work_group_ex|browse_sharj_work_group_ex|delete_sharj_work_group_ex|edit_sharj_work_group_ex|read_sharj_work_group_ex,18,localized_resource
76,portraits-hard,portraits_hard,"App\Models\PortraitsHard",1,1,,,0,7,3,0,36,de|ee|lt|lv|pl|ru,add_portraits_hard|browse_portraits_hard|delete_portraits_hard|edit_portraits_hard|read_portraits_hard,18,localized_resource
77,port-prev-items,port_prev_items,"App\Models\PortPrevItem",1,1,,,0,5,6,0,36,de|ee|lt|lv|pl|ru,add_port_prev_items|browse_port_prev_items|delete_port_prev_items|edit_port_prev_items|read_port_prev_items,18,localized_resource
78,stocks,stocks,"App\Models\Stock",1,1,,,0,37,1,0,174,de|ee|lt|lv|pl|ru,add_stocks|browse_stocks|delete_stocks|edit_stocks|read_stocks,16,localized_resource
79,string-tranlations2,string_tranlations2,"App\Models\StringTranlations2",1,1,,,0,61,1,0,362,de|ee|lt|lv|pl|ru,add_string_tranlations2|browse_string_tranlations2|delete_string_tranlations2|edit_string_tranlations2|read_string_tranlations2,16,localized_resource
80,coupons,coupons,"App\Models\Coupon",1,1,,,0,21,1586,0,0,,add_coupons|browse_coupons|delete_coupons|edit_coupons|read_coupons,18,standard_resource_review
81,order-action,order_action,"App\Models\OrderAction",1,1,,,1,5,6696,0,0,,add_order_action|browse_order_action|delete_order_action|edit_order_action|read_order_action,18,server_side_resource
82,gift-card,gift_card,"App\Models\GiftCard",1,1,,,0,31,1,0,168,de|ee|lt|lv|pl|ru,add_gift_card|browse_gift_card|delete_gift_card|edit_gift_card|read_gift_card,18,localized_resource
84,gift-card-noms,gift_card_noms,"App\Models\GiftCardNom",1,1,,,0,4,6,0,0,,add_gift_card_noms|browse_gift_card_noms|delete_gift_card_noms|edit_gift_card_noms|read_gift_card_noms,18,standard_resource_review
88,basket-strings,basket_strings,"App\Models\BasketString",1,1,,,0,39,1,0,216,de|ee|lt|lv|pl|ru,add_basket_strings|browse_basket_strings|delete_basket_strings|edit_basket_strings|read_basket_strings,18,localized_resource
89,country-tels,country_tels,"App\Models\CountryTel",1,1,,,0,13,14,0,112,de|ee|lt|lv|pl|ru,add_country_tels|browse_country_tels|delete_country_tels|edit_country_tels|read_country_tels,18,localized_resource
93,collage-constructor,collage_constructor,"App\Models\CollageConstructor",1,1,,,0,16,1,0,54,de|ee|lt|lv|pl|ru,add_collage_constructor|browse_collage_constructor|delete_collage_constructor|edit_collage_constructor|read_collage_constructor,18,localized_resource
94,order-strings,order_strings,"App\Models\OrderString",1,1,,,0,41,1,0,354,de|ee|lt|lv|pl|ru,add_order_strings|browse_order_strings|delete_order_strings|edit_order_strings|read_order_strings,18,localized_resource
95,family-constructor,family_constructor,"App\Models\FamilyConstructor",1,1,,,1,7,1,0,12,de|ee|lt|lv|pl|ru,add_family_constructor|browse_family_constructor|delete_family_constructor|edit_family_constructor|read_family_constructor,18,localized_resource
96,glob-config,glob_config,"App\Models\GlobConfig",1,1,,,0,6,1,0,6,de|ee|lt|lv|pl|ru,add_glob_config|browse_glob_config|delete_glob_config|edit_glob_config|read_glob_config,16,localized_resource
97,slider-mod,slider_mod,"App\Models\SliderMod",1,1,,,0,13,1,0,36,de|ee|lt|lv|pl|ru,add_slider_mod|browse_slider_mod|delete_slider_mod|edit_slider_mod|read_slider_mod,18,localized_resource
98,slider-photo,slider_photo,"App\Models\SliderPhoto",1,1,,,0,16,1,0,36,de|ee|lt|lv|pl|ru,add_slider_photo|browse_slider_photo|delete_slider_photo|edit_slider_photo|read_slider_photo,18,localized_resource
99,slider-repr,slider_repr,"App\Models\SliderRepr",1,1,,,0,13,1,0,36,de|ee|lt|lv|pl|ru,add_slider_repr|browse_slider_repr|delete_slider_repr|edit_slider_repr|read_slider_repr,18,localized_resource
100,collage-popular-items,collage_popular_items,"App\Models\CollagePopularItem",1,1,,,0,8,6,0,72,de|ee|lt|lv|pl|ru,add_collage_popular_items|browse_collage_popular_items|delete_collage_popular_items|edit_collage_popular_items|read_collage_popular_items,18,localized_resource
101,user-messages,user_messages,"App\Models\UserMessage",1,1,,,0,57,1,0,316,de|ee|lt|lv|pl|ru,add_user_messages|browse_user_messages|delete_user_messages|edit_user_messages|read_user_messages,16,localized_resource
102,send-rev,send_rev,"App\Models\SendRev",1,1,,,0,12,1,0,54,de|ee|lt|lv|pl|ru,add_send_rev|browse_send_rev|delete_send_rev|edit_send_rev|read_send_rev,18,localized_resource
103,string-tranlations3,string_tranlations3,"App\Models\StringTranlations3",1,1,,,0,44,1,0,229,de|ee|lt|lv|pl|ru,add_string_tranlations3|browse_string_tranlations3|delete_string_tranlations3|edit_string_tranlations3|read_string_tranlations3,16,localized_resource
104,page-partnership,page_partnership,"App\Models\PagePartnership",1,1,,,0,15,1,0,66,de|ee|lt|lv|pl|ru,add_page_partnership|browse_page_partnership|delete_page_partnership|edit_page_partnership|read_page_partnership,16,localized_resource
105,page-slugs,page_slugs,"App\Models\PageSlug",1,1,,,0,6,1,0,18,de|ee|lt|lv|pl|ru,add_page_slugs|browse_page_slugs|delete_page_slugs|edit_page_slugs|read_page_slugs,16,localized_resource
106,all-styles-page,all_styles_page,"App\Models\AllStylesPage",1,1,,,0,11,13,0,232,de|ee|lt|lv|pl|ru,add_all_styles_page|browse_all_styles_page|delete_all_styles_page|edit_all_styles_page|read_all_styles_page,18,localized_resource
107,all-styles,all_styles,"App\Models\AllStyle",1,1,,,0,19,2,0,192,de|ee|lt|lv|pl|ru,add_all_styles|browse_all_styles|delete_all_styles|edit_all_styles|read_all_styles,18,localized_resource
108,header-menu,header_menu,"App\Models\HeaderMenu",1,1,,,1,10,19,0,227,de|ee|lt|lv|pl|ru,add_header_menu|browse_header_menu|delete_header_menu|edit_header_menu|read_header_menu,18,localized_resource
109,footer-menu,footer_menu,"App\Models\FooterMenu",1,1,,,1,8,32,0,373,de|ee|lt|lv|pl|ru,add_footer_menu|browse_footer_menu|delete_footer_menu|edit_footer_menu|read_footer_menu,18,localized_resource
110,all-style-form,all_style_form,"App\Models\AllStyleForm",1,1,,,0,41,1,0,216,de|ee|lt|lv|pl|ru,add_all_style_form|browse_all_style_form|delete_all_style_form|edit_all_style_form|read_all_style_form,18,localized_resource
111,all-style-form-step-items,all_style_form_step_items,"App\Models\AllStyleFormStepItem",1,1,,,0,7,43,0,289,de|ee|lt|lv|pl|ru,add_all_style_form_step_items|browse_all_style_form_step_items|delete_all_style_form_step_items|edit_all_style_form_step_items|read_all_style_form_step_items,18,localized_resource
112,newhome-top-slider,newhome_top_slider,"App\Models\NewhomeTopSlider",1,1,,,0,20,14,0,0,,add_newhome_top_slider|browse_newhome_top_slider|delete_newhome_top_slider|edit_newhome_top_slider|read_newhome_top_slider,18,standard_resource_review
113,newhome-services,newhome_services,"App\Models\NewhomeService",1,1,,,0,10,11,0,264,de|ee|lt|lv|pl|ru,add_newhome_services|browse_newhome_services|delete_newhome_services|edit_newhome_services|read_newhome_services,18,localized_resource
114,newhome-work-ex,newhome_work_ex,"App\Models\NewhomeWorkEx",1,1,,,0,8,18,0,216,de|ee|lt|lv|pl|ru,add_newhome_work_ex|browse_newhome_work_ex|delete_newhome_work_ex|edit_newhome_work_ex|read_newhome_work_ex,18,localized_resource
115,newhome-top-work-ex,newhome_top_work_ex,"App\Models\NewhomeTopWorkEx",1,1,,,0,7,15,0,180,de|ee|lt|lv|pl|ru,add_newhome_top_work_ex|browse_newhome_top_work_ex|delete_newhome_top_work_ex|edit_newhome_top_work_ex|read_newhome_top_work_ex,18,localized_resource
116,canvas-new,canvas_new,"App\Models\CanvasNew",1,1,,,0,18,2,0,0,,add_canvas_new|browse_canvas_new|delete_canvas_new|edit_canvas_new|read_canvas_new,16,standard_resource_review
117,a-order-from,a_order_from,"App\Models\AOrderFrom",1,1,,,0,5,12,0,0,,add_a_order_from|browse_a_order_from|delete_a_order_from|edit_a_order_from|read_a_order_from,18,standard_resource_review
118,user-types,user_types,"App\Models\UserType",1,1,,,0,4,8,0,48,de|ee|lt|lv|pl|ru,add_user_types|browse_user_types|delete_user_types|edit_user_types|read_user_types,18,localized_resource
119,a-painter-images-status,a_painter_images_status,"App\Models\APainterImagesStatus",1,1,,,0,7,5,0,24,de|ee|lt|lv|pl|ru,add_a_painter_images_status|browse_a_painter_images_status|delete_a_painter_images_status|edit_a_painter_images_status|read_a_painter_images_status,13,localized_resource
122,a-mail-top-sale,a_mail_top_sale,"App\Models\AMailTopSale",1,1,,,0,9,5,0,60,de|ee|lt|lv|pl|ru,add_a_mail_top_sale|browse_a_mail_top_sale|delete_a_mail_top_sale|edit_a_mail_top_sale|read_a_mail_top_sale,13,localized_resource
123,a-collage-slider,a_collage_slider,"App\Models\ACollageSlider",1,1,,,0,23,6,0,6,de|ee|lt|lv|pl|ru,add_a_collage_slider|browse_a_collage_slider|delete_a_collage_slider|edit_a_collage_slider|read_a_collage_slider,13,localized_resource
126,a-collage-advantage-screen,a_collage_advantage_screen,"App\Models\ACollageAdvantageScreen",1,1,,,0,7,7,0,84,de|ee|lt|lv|pl|ru,add_a_collage_advantage_screen|browse_a_collage_advantage_screen|delete_a_collage_advantage_screen|edit_a_collage_advantage_screen|read_a_collage_advantage_screen,13,localized_resource
127,a-collage-popular-screen,a_collage_popular_screen,"App\Models\ACollagePopularScreen",1,1,,,0,9,4,0,72,de|ee|lt|lv|pl|ru,add_a_collage_popular_screen|browse_a_collage_popular_screen|delete_a_collage_popular_screen|edit_a_collage_popular_screen|read_a_collage_popular_screen,13,localized_resource
128,a-collage-order-screen,a_collage_order_screen,"App\Models\ACollageOrderScreen",1,1,,,0,4,1,0,0,,add_a_collage_order_screen|browse_a_collage_order_screen|delete_a_collage_order_screen|edit_a_collage_order_screen|read_a_collage_order_screen,13,standard_resource_review
129,a-collag-faq,a_collag_faq,"App\Models\ACollagFaq",0,0,,,0,6,,0,0,,add_a_collag_faq|browse_a_collag_faq|delete_a_collag_faq|edit_a_collag_faq|read_a_collag_faq,13,repair_or_retire_before_migration
131,a-collage-faq,a_collage_faq,"App\Models\ACollageFaq",1,1,,,0,6,5,0,48,de|ee|lt|lv|pl|ru,add_a_collage_faq|browse_a_collage_faq|delete_a_collage_faq|edit_a_collage_faq|read_a_collage_faq,13,localized_resource
134,a-collage-why-screen,a_collage_why_screen,"App\Models\ACollageWhyScreen",1,1,,,0,8,10,0,120,de|ee|lt|lv|pl|ru,add_a_collage_why_screen|browse_a_collage_why_screen|delete_a_collage_why_screen|edit_a_collage_why_screen|read_a_collage_why_screen,13,localized_resource
137,a-collage-generator-colors,a_collage_generator_colors,"App\Models\ACollageGeneratorColor",1,1,,,0,5,20,0,0,,add_a_collage_generator_colors|browse_a_collage_generator_colors|delete_a_collage_generator_colors|edit_a_collage_generator_colors|read_a_collage_generator_colors,13,standard_resource_review
138,a-collage-fons,a_collage_fons,"App\Models\ACollageFon",1,1,,,0,5,6,0,0,,add_a_collage_fons|browse_a_collage_fons|delete_a_collage_fons|edit_a_collage_fons|read_a_collage_fons,14,standard_resource_review
139,a-collage-sticker-group,a_collage_sticker_group,"App\Models\ACollageStickerGroup",1,1,,,0,5,4,0,24,de|ee|lt|lv|pl|ru,add_a_collage_sticker_group|browse_a_collage_sticker_group|delete_a_collage_sticker_group|edit_a_collage_sticker_group|read_a_collage_sticker_group,13,localized_resource
140,a-collage-stiker,a_collage_stiker,"App\Models\ACollageStiker",1,1,,,0,7,13,1,0,,add_a_collage_stiker|browse_a_collage_stiker|delete_a_collage_stiker|edit_a_collage_stiker|read_a_collage_stiker,13,standard_resource_review
143,a-collage-head,a_collage_head,"App\Models\ACollageHead",1,1,,,0,12,1,0,12,de|ee|lt|lv|pl|ru,add_a_collage_head|browse_a_collage_head|delete_a_collage_head|edit_a_collage_head|read_a_collage_head,13,localized_resource
149,canvas-slider,canvas_slider,"App\Models\CanvasSlider",1,1,,,0,25,16,0,809,de|ee|lt|lv|pl|ru,add_canvas_slider|browse_canvas_slider|delete_canvas_slider|edit_canvas_slider|read_canvas_slider,13,localized_resource
150,why-are-you-leaving-questions,why_are_you_leaving_questions,"App\Models\WhyAreYouLeavingQuestion",1,1,,,0,6,5,0,30,de|ee|lt|lv|pl|ru,add_why_are_you_leaving_questions|browse_why_are_you_leaving_questions|delete_why_are_you_leaving_questions|edit_why_are_you_leaving_questions|read_why_are_you_leaving_questions,13,localized_resource
151,portrait-slider,portrait_slider,"App\Models\PortraitSlider",1,1,,,0,23,81,1,3875,de|ee|lt|lv|pl|ru,add_portrait_slider|browse_portrait_slider|delete_portrait_slider|edit_portrait_slider|read_portrait_slider,13,localized_resource
153,delivery-pickup-at-viar-workshop,delivery_pickup_at_viar_workshop,"App\Models\DeliveryPickupAtViarWorkshop",1,1,,,0,8,10,0,60,de|ee|lt|lv|pl|ru,add_delivery_pickup_at_viar_workshop|browse_delivery_pickup_at_viar_workshop|delete_delivery_pickup_at_viar_workshop|edit_delivery_pickup_at_viar_workshop|read_delivery_pickup_at_viar_workshop,13,localized_resource
155,payment-info,payment_Info,"App\Models\PaymentInfo",1,1,,,0,0,0,0,0,,add_payment_Info|browse_payment_Info|delete_payment_Info|edit_payment_Info|read_payment_Info,10,empty_archive_or_retire_decision
163,blog-categories,blog_categories,"App\Models\BlogCategory",1,1,,,0,9,8,0,192,de|ee|lt|lv|pl|ru,add_blog_categories|browse_blog_categories|delete_blog_categories|edit_blog_categories|read_blog_categories,13,localized_resource
164,blog-categories-short-blocks,blog_categories_short_blocks,"App\Models\BlogCategoriesShortBlock",1,1,,,0,11,5,1,48,de|ee|lt|lv|pl|ru,add_blog_categories_short_blocks|browse_blog_categories_short_blocks|delete_blog_categories_short_blocks|edit_blog_categories_short_blocks|read_blog_categories_short_blocks,13,localized_resource
170,blog-reklama-type,blog_reklama_type,"App\Models\BlogReklamaType",1,1,,,0,7,3,0,0,,add_blog_reklama_type|browse_blog_reklama_type|delete_blog_reklama_type|edit_blog_reklama_type|read_blog_reklama_type,14,standard_resource_review
172,blog-reklama,blog_reklama,"App\Models\BlogReklama",1,1,,,0,12,3,1,54,de|ee|lt|lv|pl|ru,add_blog_reklama|browse_blog_reklama|delete_blog_reklama|edit_blog_reklama|read_blog_reklama,13,localized_resource
173,blog-authors,blog_authors,"App\Models\BlogAuthor",1,1,,,0,6,3,0,18,de|ee|lt|lv|pl|ru,add_blog_authors|browse_blog_authors|delete_blog_authors|edit_blog_authors|read_blog_authors,13,localized_resource
174,a-production-time,a_production_time,"App\Models\AProductionTime",1,1,,,0,11,3,0,36,de|ee|lt|lv|pl|ru,add_a_production_time|browse_a_production_time|delete_a_production_time|edit_a_production_time|read_a_production_time,13,localized_resource
176,our-working-process,our_working_process,"App\Models\OurWorkingProcess",1,1,,,0,8,5,0,34,de|ee|lt|lv|pl|ru,add_our_working_process|browse_our_working_process|delete_our_working_process|edit_our_working_process|read_our_working_process,10,localized_resource
181,our-team,our_team,"App\Models\OurTeam",1,1,,,0,13,5,0,120,de|ee|lt|lv|pl|ru,add_our_team|browse_our_team|delete_our_team|edit_our_team|read_our_team,10,localized_resource
184,address,address,"App\Models\Address",1,1,,,0,12,5,0,150,de|ee|lt|lv|pl|ru,add_address|browse_address|delete_address|edit_address|read_address,10,localized_resource
185,canvas-rams-colors,canvas_rams_colors,"App\Models\CanvasRamsColor",1,1,,,0,6,2,0,12,de|ee|lt|lv|pl|ru,add_canvas_rams_colors|browse_canvas_rams_colors|delete_canvas_rams_colors|edit_canvas_rams_colors|read_canvas_rams_colors,10,localized_resource
186,canvas-rams-materials,canvas_rams_materials,"App\Models\CanvasRamsMaterial",1,1,,,0,5,2,0,12,de|ee|lt|lv|pl|ru,add_canvas_rams_materials|browse_canvas_rams_materials|delete_canvas_rams_materials|edit_canvas_rams_materials|read_canvas_rams_materials,10,localized_resource
189,a-gallery-genre,a_gallery_genre,"App\Models\AGalleryGenre",1,1,,,0,9,16,0,60,de|ee|lt|lv|pl|ru,add_a_gallery_genre|browse_a_gallery_genre|delete_a_gallery_genre|edit_a_gallery_genre|read_a_gallery_genre,10,localized_resource
190,a-gallery-style,a_gallery_style,"App\Models\AGalleryStyle",1,1,,,0,9,24,0,156,de|ee|lt|lv|pl|ru,add_a_gallery_style|browse_a_gallery_style|delete_a_gallery_style|edit_a_gallery_style|read_a_gallery_style,10,localized_resource
191,a-gallery-nationality,a_gallery_nationality,"App\Models\AGalleryNationality",1,1,,,0,9,7,0,42,de|ee|lt|lv|pl|ru,add_a_gallery_nationality|browse_a_gallery_nationality|delete_a_gallery_nationality|edit_a_gallery_nationality|read_a_gallery_nationality,10,localized_resource
192,a-gallery-age,a_gallery_age,"App\Models\AGalleryAge",1,1,,,0,9,8,0,48,de|ee|lt|lv|pl|ru,add_a_gallery_age|browse_a_gallery_age|delete_a_gallery_age|edit_a_gallery_age|read_a_gallery_age,10,localized_resource
193,a-delivery-towns,a_delivery_towns,"App\Models\ADeliveryTown",1,1,,,0,7,3,0,18,de|ee|lt|lv|pl|ru,add_a_delivery_towns|browse_a_delivery_towns|delete_a_delivery_towns|edit_a_delivery_towns|read_a_delivery_towns,10,localized_resource
194,creeping-line,creeping_line,"App\Models\CreepingLine",1,1,,,0,7,4,0,24,de|ee|lt|lv|pl|ru,add_creeping_line|browse_creeping_line|delete_creeping_line|edit_creeping_line|read_creeping_line,5,localized_resource
196,seo-city,seo_city,"App\Models\SeoCity",1,1,,,0,5,81,0,0,,add_seo_city|browse_seo_city|delete_seo_city|edit_seo_city|read_seo_city,5,standard_resource_review
197,abandoned-carts,abandoned_carts,"App\Models\AbandonedCart",1,1,,,0,10,209,0,0,,add_abandoned_carts|browse_abandoned_carts|delete_abandoned_carts|edit_abandoned_carts|read_abandoned_carts,5,standard_resource_review
198,reviews,reviews,"App\Models\Review",1,1,,,0,14,4,0,0,,add_reviews|browse_reviews|delete_reviews|edit_reviews|read_reviews,5,standard_resource_review
199,venipak-data,venipak_data,"App\Models\VenipakData",1,1,,,0,18,3,0,0,,add_venipak_data|browse_venipak_data|delete_venipak_data|edit_venipak_data|read_venipak_data,5,standard_resource_review
200,site-images,site_images,"App\Models\SiteImage",1,1,,,0,8,172,0,0,,add_site_images|browse_site_images|delete_site_images|edit_site_images|read_site_images,5,standard_resource_review
202,canvas-photo-improvements,canvas_photo_improvements,"App\Models\CanvasPhotoImprove",1,1,,,0,11,3,0,48,de|ee|en|et|lt|lv|pl|ru,add_canvas_photo_improvements|browse_canvas_photo_improvements|delete_canvas_photo_improvements|edit_canvas_photo_improvements|read_canvas_photo_improvements,5,localized_resource
203,alt-suggestions,image_alt_suggestions,"App\Models\ImageAltSuggestion",1,1,"\App\Http\Controllers\Voyager\AltSuggestionController",1,0,25,1158,0,0,,browse_image_alt_suggestions|edit_image_alt_suggestions,2,custom_resource_or_page
204,seo-meta-suggestions,seo_meta_suggestions,"App\Models\SeoMetaSuggestion",1,1,"\App\Http\Controllers\Voyager\SeoMetaSuggestionController",1,0,28,0,0,0,,add_seo_meta_suggestions|browse_seo_meta_suggestions|delete_seo_meta_suggestions|edit_seo_meta_suggestions|read_seo_meta_suggestions,5,custom_resource_or_page
