group,row_count,null_values,key_root_sha256,key_value_root_sha256,key_value_status_root_sha256
_json,272,0,3aebf07d2830e7a2f757ea7875be11e33dff54416ebf80e5d9f0dd9083e2b0cd,bb533b8d7d4b56ef32da792360f69b8d069ba22ca73a1d61407d564c90055d08,e030012aad2d8ca6628aa7cfc39b2cbe82786b6d3d5df26231050be285a012b7
about,272,0,c968eacbcf0b541417cccbbac99618220154d09acb36a509a2d1934676be5027,249ee97c8889743476c9e588ebc71dffdea4fa219f1d4c7ac35fe87b595d3d54,8eba4b3e8024c204ece1a44a6389cd2e6d06cd7bcfd6ffbdf0fed651fb1c1138
account,163,6,49c0d141c2e5610668d43e386059b332b2e6921c3b88faa5609a2133b827a7ff,5206d27fbaf89d1f8628e4f61ba41e7ae3a18ef9bf3839fa9dd37e15c8c061e6,fc6dec6131b3071b459ddc592148aeb2c3e075aae6dddebaa8aa0fa3a6329eab
account_new,1032,0,5c0b757d4e77855bc8d906a963f5d0583d58765cbea993b08836fdac72bf0b1f,d8dd5ada7b001ca863447e92517efb34fdec2653c509f4b63b8976198606a75f,a9f0167c311f1d8110d22a18e8b0b75a008151ee3a3c748df2f8ff01ce5e7685
auth,6,0,db96d1f2f77f0610b15b9e40dfa19a2afce43256d87cc40666a2dac7222b7c74,415b6ba17ca1b1beac44ac4ac45cd7dc2a391e070797ce4313851ab77f0ff3c0,615272e73e57be5199314652ef659e3293304045766b7d6a86a9fda62db0d38c
auth2,32,0,c3180694ce026d8dfe27d2e366d3acc3ae5af61d71ac541bb5487d0f7f153ee0,4e5a7a2f65ab36b5fcd89af853255907aba06decadcd23ebb0a6ffef79ae071b,a1b9b4ed9f1074ced8fbd049a9b8d34761b36749aefd7ae6c9a0e67605586dff
basket,15,0,e296b485ea1b80d8409f351c30be8f4a1ce307b87353501ace78d0ff5f2280b9,85a31a33a5cacce3db785d5d9c2c42a8008df32c7c2eac03da68ca477241142c,deeb6abe3c88609f7ce1b7aee61a91d46bbad313106dc082d82455be97b59723
blog,136,0,c2a91db45827ce2314309c81d17621a7a1bc83267240348839ce443741b429e2,69c48f3f19bebd5760f259a39f44297397b939e17270657eeb9bd7cfbfe1643e,48e235862a1f16e3dcafde0228c9b3c23a093fe34a11911d1ee80bb81fd4f44c
breadcrumbs,19,4,f60515f6a96be1d60934a25cc85d7fe63283c5425187432e88abc3f374c00410,01b055dccddaebd52be09aad84b34ce80c6477b93dbe860ee5042b6241a8496b,1532f7e4f0a44b63245946958005e2800a21c08d64a9611aaa5608bcb79b7afa
canvas,864,0,1a8572aca3df7f8ccb855a451f0798e44fa17ee2541053f69f2c2c2743005573,eb83d7a87c7608ffd88a1bf06d5fe79d97724807935251c379518b3fe1de4e3f,ad5c9918cae69e53099c2d7779793062daf836652fe8c341663c199e0f0966fa
cart,400,0,85479b93631669168de64ed345bf85fe501a57658b54538da2846d546cd2995a,5d11d40f0f443fa511438c836b340fe386f70b3d85f21fa74d3de0c17893bf4a,5257c763fe16f09d141937864723b1387e3e01a6c7e49ec6276be6c0ffd0d8bc
cart_new,1072,0,481547466b3f638a56384406a81c419682d7810310b307b9101489cd3ca44815,ed82d24384c4b6b6af50521bddc5a34cbb8ac008d2a5a1df99e658bf242d7b23,d2453278e834fd927a727c4f72c21cc5752ffb14fc0e53bc8b4a9150b60d3669
collage,406,0,daefe0b69a9a4b73745cb35f048b179d5d4ba9233cbb5243b885052a40a1f3d4,00bdd7cf3e8e3a933f7b2e0ab51e1158cbb7000e2ba2fe7865c1e83a2637424f,997a941e219e51f68277991b319c246a3edcf2c18777d8477ca0eeef07eb1847
collage_new,1246,0,a42d9d731b99187b3e63597c02a199d523841cd30e009ec7adf2f4a3d025c043,f102eec11483c1fe32c234bdadd9b2d1becb36d9551f95f7c066a699f2228416,b85038ae109eedbecdcddf3b32b2a94485b6966d04507573688eb47a08d90232
contacts,477,5,2897aeb7bf7798e1872e2588c054da9a708c884240a84f526bb4dcf7d5ae5c3a,d04fa468ae965faafc498bf704e9e374cfa43dd4e2f244c2d1e8295ed5d634ca,401dca9d55c26bdb23ca7e653b9fdb5a332a8537b7534446ceed48bad25937b1
countries,96,0,ddaf8d7cb625b951a7090e37d941ce182cd283d20f3b9f2081e01e2850580c32,31ca74bea047c9badba29b4ab808bcb2b61f23c06d7239b6718a021af9773f50,e4d99ed300876a9c489e8015023c4ed5a3614959f7e6295fde85f07f19754347
coupon,152,0,7f88b98ab778fc03b9c2fc7926afeab02c0b9561f2f98fb6d87ed5f9649e3c49,dd9bd7e8c38f98afc9808d0ea1ed4201ec5e3ae02b237cf4cb7d0be4ad342a3a,a94c62acaef98f92308212598b8406983cee8bbe9a45f9d0eb2a41e35d8209eb
email,12,0,438442d3aa105ba90f91acebb116672bfd7a9aa530eed7d8fd670d12b20942d3,6b993d5377699df24f4120fa6d4a9c0cde4a9f5e41e4cbd6a3dc173e7fd6d54b,ebec9ef4651c61dbb9009ebc05fd8a024bb2050a6d32d3707f5e6188bb169b4a
footer,18,2,bccef08b34c6c67496fc8866f85015f016c77e46b854303d50491c4d28d6b913,04a6be47390764fab809c03a36f86d29b7dc4428d06df818087225703be355f2,64058eac8e18f7895f1c6194aed60194513840c976a091804d82853fc51dcca3
gallery,1448,0,43c1c79c842352645c1759c44baea5a2aea92757baa7d48af4340d88c8329ae1,ee157228df25ea81bcd5e7dbaef9a2a51af9d3028df0ab7168f36f78a7d13866,7c6f22d9034d73a137555d285711eb391703439fec353dae97bccb7c1a934ca0
gift_card,224,0,232e96e90a9d80341bf9903eaf0b7bff471ecebb871aff5999f9265d9638b372,2cf17d1fac620324a4b1482df23d5a8b2d1eb9d02fa48bbdb50344d3c80c2f11,b0583b8b9f962c20ae454fcc37206c226dac4790fa8b83cccca8f089de1d0c2e
gl,1336,2,328f0fb2c02dce6e5212107c95a871704504d64fd596ae14908f9721d07cbcce,3504585147b8846a2be0691ea6530d7f496aa7b29107003647b629c7bf70e743,1d323814a47ae2b3e49b4974a4da46cee6156aa54a83ab7def5a4839627c56f1
google_reviews,32,0,37a35252c39b7c2562662dd7a2aaeff8fbc90647054193f5a951dc9425ee1fc3,ccc01c1f4219da73326aca12c75e791c39ddbe7257c7a2de165eacb64d2ed195,9cb24ca6a7e3b6d6c00edb8ae6a01c5d1a55d2dd60e7c0a047a8cd9c85084f05
header,134,59,4663259e4af04cd71066f867c8a85620eef55c55e54be300227caf999754b2d1,8e40bfab399f3386932fde46b22cd8fa1d1a769056f36985995b2202f89c699c,e5144ae2c98e9c891de7fa65e90ccd0fcbcd1b00257a47b0cb8c1904dda93042
header_footer_new,240,0,df5e75506c213fbf8fcc881300ccbfe5f6acb6097fd88051c4bf369216b74048,1e0df7395ae82975b4e1ab1e64fafc4a8f8b811fb847c100243f7311f3d0561c,ce6dbc0d41e03657ce74c533c300ec39f02568e8abe1b7b98f8f196af32fda1a
homepage_new,600,0,4fcd556984af7fae9b47b16b5ca856734eeb123878fa8a248e96f50e340faec1,baece2c4e4131d0338e8cfc57dd74c703e8b930513d98198c6933678793f6792,2aa74e2d13ad0e094510040eef6f66c1c24528003683764d61aee8d4ab5f88cd
homepage_new_login_reg,248,0,a9f7b8450356b6c6cdcc44c31882c4d4b50ce949a5221465320449c5bf04872e,344bc4e2ce2abf59bc1a0bc68fc017219a45c1623d82e88bff9cd3dfc1d0b122,4c7b8ac9c957cf34644195dbc800602fa88e3cb424022643cabf431c490f1444
index,33,0,c3e2d488745b19e4c99bc0d0f8d14096480dcbb13d985a9160aae282f8f9b12f,ae96fe665b5ac7a8cf03986f7af4ef6129a47969ebd318b86622f2e2b1152706,49de46d34daad7e53ca7c3bc7ef850eab17616efb75c378497852f086e4020be
mail,2000,0,f0b870c278af246506b617d07a2b35748c0a0b91ac8ed375d676a25f7f238943,94923e58ba2c48b8c15df7ac07c05c66430cbe30818ada361022dbc5d3773bda,57660135e32bbad3a9a2e7cd5fc2f2c3a1e4c1e460c0e4ed2c4fc114a0bb6d23
modular_pictures,126,20,ebd40ef56fe435972495c98bfff1226da3b8d1dc0797bd15cbf21ae1f3f62388,1430b11a8765e8274e6d8daee710c413f6aeaed053292fb513c6ce7ec72c70d6,cc5e7f944f8287dee793af19da958cec1c2a39d6c05b8499e33b26b041173fdb
new_index,715,112,fa90a66cbfc4e1665872f50adda350d2c9266511e5914a47bb50005fdb7fe9e6,98aa6cdc19aa48431fbeacbc1ca206fbdf35b665f98b167c65327d05108236cb,929b96b760e4de8c7bbbeda52ced044cce0f8a24f3fbebbbbc68b9085e9008d3
ord_strings,256,0,dfd66da52c95106149ba00400e12bff2a22a99d3010f4d3b1e46c5d7e2a50c4e,9bab371bd2acc97d9536d015aa8427cf32f4656a76df5d7345a165776503c421,77b18a333e433ac0bfd913818904f497e884a0b030221c48db2a2a80840d0283
pages,1713,1,b90c1c8868b7926a0b26fe9cd3f5982028adbe606bd76a198145dc4904e30247,f9fbb2c891defe42999a239d8b1fd7e392288695f757ed065c971f0c6a327676,143276c3928e18715ce6e08f2f30a40e7fcf95c77545e989103080274f10fbad
pagination,14,0,1b5430b59f734086a7fcf052235c7cc6e0047bede53b9c05f1f3c8a40b60fb40,3a14d2f8744cc27e86da9f5d261e7c2fc62d955f9da8bc7b5dbd5a6e16885e71,9f7e12c5b0fa60211879438b661f631865b2710d26e42cd46c035ca5bb8ee06f
passwords,40,0,11b10782cbc92e41eb6c42f6c369e71e1c7c1e5b9691d444235e548352533f4d,d7f8b84718cb700fa94981520a1f1f7551be446e2a76ebb88af070fce048b758,235be8699804c06057cfc8c80fcf7905e2defe5158d863420b2426f5c7a12262
popup,192,0,4a2113133d95d2ac8994a2ea3850dfbc88cc5ee9816b1f8231795415e5a8741a,f39b02f63037b685405d9a12a05f22aa76450f33b3695f7584e87c21237c74d2,1a4332a198f5cd3f77f675e045d47e6596a71962b145f97795939d7258517a8e
portrait,552,0,68af9c9ad4a613e3cbd83e38a035ac43a0e3bc4740e63d534f5fcd72733855b5,5c5eb7605a64c29850cc35ccdd7772d535e9d23e28a4d5a2d8f96456cebac093,6282604adc045bd0c891089684bbb3d15e14fa89b46d7d0d18b48a931ea66522
portrait_buy_form,352,0,69c83068cef817f2a36e777b68df446f25a9b98ff2e1f813eeb2240a2798e860,228e8ca033d89f4e3935cf4fd290d5416131c4e40f0de62eeac343b4fa245b91,ee0c9ba2df422dc514227658f7626a646d76a213f9f373fbee8bdd16672963d1
portrait_royal,600,0,53b643acc5cf32b52810fc05fbf3957ecb293537c16744b9b78f1c48ebf4ba1a,b94546c22455c214e92a59e5c70ec5cdcb4bfba9bd53869de4616e23b25644a2,c16eb2bcfcbde5d8e5f9cf2ad422d013f6b12818b2b94ce12a5043b091f90b02
settings,48,0,7fdcc0cdec7fb9bcd3427541a562a216434368c64486aa70b9a56bdb52e7cedd,697a20ba95f097964c9b22027b806df20ffcadc0a6c3916ed6ccd94177fc092f,0b3153b2b219c198893257a34645f2ec6783a76c905ce7e13a1b8350a9bbe5fc
sharj,872,0,7e22356fa83afee6f72a16e2b3283544d985ea85689ed6c93244965bb58d4aef,052bfa0a48cb45e26f9d2dfc549b13a68270f77b75137f341404918feebd9487,78b25bccd1fed9f9ddc93b1038a63c894df0fec9be65df33e04fce02257b8e38
simpson,1928,0,98e76125230a5eea56221205bf27c286409142c03a857f8c8835df4769a7828c,2d720807812fce8bc9f8b797c76b4d065f1c82dbce8190185cdb1bc0da0acba6,806419fe8226e168412ee2140cdc930680c5d6db2922dd35042e603bf565a8c4
stock,696,0,f70770bcd591bc3d7946ed0b99043829ab3234b39055da246894f64330e35bc3,039c9a2de03a58482baa4d2bb0e1feb9051340b14095f2e0b9c9c7d813afe0c9,62fd74586f52cb4cd4baf41f1032d1491ab60ea2c1a2715324127ffa5c83223f
thanks,5,0,a4d3c4bc3d0b11a388b165b006d7cd359cbab71cb2d1d617b9d4ebf1cf16e834,776fb5f5fe1d7c850264ccc668d8d66f11006f62fb278dc5ca6ab37d4689eeef,d12738c0c9c2f39eeed7f8bbd6dd2abd33695a01751423f7d267167e1acd7b54
validation,267,0,183e1c317841397bd0273df4a44f93b50eeea33ab1e569d58a11ca4d21172831,7eed7ecb2330f394995e48e71ef5d2b323b63e52ee85134d6b4e73cf6347ff55,12e27528e30de8c5ce9fd3b6e696a2b9364fbac5dbf06a1897caa0035148e431
validation2,89,0,39cc1219927f2cbbd5cd49a982e08e3a06c3faa20686193e68f1e401bc011da7,3d0d9a46c4d4f6388d4afe43b5ea5dcb44437085b258fa500bbbf069ba5e08da,5e14198ab544ba8f55694e6507be36b65bb33cb86b0c8aeea5d676beff2a63e4
