opaque_key_id_sha256,row_count_match,null_values_match,identity_root_match,key_value_root_match,full_root_match,production_identity_root_sha256,local_identity_root_sha256,production_key_value_root_sha256,local_key_value_root_sha256,production_full_root_sha256,local_full_root_sha256
c9351c96ee399c6e9e877143521fc6693a8d03074359f2d0df17082072da3f5a,yes,yes,yes,yes,yes,c19894d8981e558e9b4fc1b03b9283abc1c6716c904ec87e241772f9e48bfd56,c19894d8981e558e9b4fc1b03b9283abc1c6716c904ec87e241772f9e48bfd56,002e8f50bf214030f3b76f4b6aab8aeb793eeb8c20de2ca380b35574d1499807,002e8f50bf214030f3b76f4b6aab8aeb793eeb8c20de2ca380b35574d1499807,6bc61a0dbbfd6a10d13e2a7a7c59abd31deb26c2a6bc4af414358a5c90692756,6bc61a0dbbfd6a10d13e2a7a7c59abd31deb26c2a6bc4af414358a5c90692756
6a099f8a52a58c24a6bf606dfeeb66c5040a01c1f9bc158fa6b61ad55ee1a904,yes,yes,yes,yes,yes,c6e8d7f38b28ff92f63de8a2fad800aa3cff595c4d3b5afaf0fc21ba62116616,c6e8d7f38b28ff92f63de8a2fad800aa3cff595c4d3b5afaf0fc21ba62116616,854ccdba73954f12a33796eff379b2fa4dbe98ef8840e3e70a4f9552530b28ff,854ccdba73954f12a33796eff379b2fa4dbe98ef8840e3e70a4f9552530b28ff,ec3b0c86f4b55e6a3d55825c790b28138d8a7fd535b120824eea9e9246de8620,ec3b0c86f4b55e6a3d55825c790b28138d8a7fd535b120824eea9e9246de8620
9333d8e82a468003e8c8e0e1df506a45077e60c9bd4d6931604d359b45674b7b,yes,yes,yes,yes,yes,792bdb25e5fa15ab8592d0b859cb441097034729c6e65aec79ff91ed2f195ef5,792bdb25e5fa15ab8592d0b859cb441097034729c6e65aec79ff91ed2f195ef5,316f99251eb1ab5b92ce35abb130247acf129ac66cfc7c6817d2abb7b07b7849,316f99251eb1ab5b92ce35abb130247acf129ac66cfc7c6817d2abb7b07b7849,429044edf6d3106b26c97050f1e524f40e1ec43fd30e68fcc23e7af4b8f8e602,429044edf6d3106b26c97050f1e524f40e1ec43fd30e68fcc23e7af4b8f8e602
de15ab4a1bcb2f23ba0a0e20b262cfac5b166f55988908c83d69f8abc9728ba5,yes,yes,yes,yes,yes,cfa8a4845807c1f2beb5539e43bf96eafae17b2473fe387f92b58fc71b9d60f2,cfa8a4845807c1f2beb5539e43bf96eafae17b2473fe387f92b58fc71b9d60f2,b7731a797b8416d6df12996d36aca74f1c606cbc81efa4ad1eff982c5f6446bc,b7731a797b8416d6df12996d36aca74f1c606cbc81efa4ad1eff982c5f6446bc,0ede51048b9429eb7b0bf33e6df1f0374d433f94820e242b8af416257d3beda0,0ede51048b9429eb7b0bf33e6df1f0374d433f94820e242b8af416257d3beda0
bbb21ff11123efbcfb2627f805553315fa240ea593b74c77824332500aa5571e,yes,yes,yes,yes,yes,c5747cda63b3b3479a9ec1b30828f30772c5f039c846a33b2c1798baebbc9ed6,c5747cda63b3b3479a9ec1b30828f30772c5f039c846a33b2c1798baebbc9ed6,892a0be1880dc7ca346edd84fd2e0882c210b010a105070da1f5f409268a22f0,892a0be1880dc7ca346edd84fd2e0882c210b010a105070da1f5f409268a22f0,4f291c4bfe48a9f2a99d26f18a04bdb7c394bd8230def59a4ea70643ba6f0d3b,4f291c4bfe48a9f2a99d26f18a04bdb7c394bd8230def59a4ea70643ba6f0d3b
11ee024b53b26b0ff328e70e589c33725cac14c2e1763c8f214487c3d98e8a78,yes,yes,yes,yes,yes,78c6beaecaf3e6f7f4d3e7328f3998392f90e88e0e89a7350b38add7da01d0a4,78c6beaecaf3e6f7f4d3e7328f3998392f90e88e0e89a7350b38add7da01d0a4,70f513df4b800471917f48c098c92f41bbf216c59c09696868818da2117efd9a,70f513df4b800471917f48c098c92f41bbf216c59c09696868818da2117efd9a,2a5817755602ae7b1fd9b9bcdbc1639c199db62f1f60b1b7b3127727597ad5fb,2a5817755602ae7b1fd9b9bcdbc1639c199db62f1f60b1b7b3127727597ad5fb
8a70bb554b25969bcd14f43529523928f16d0abd850d04fea8943fb215f421c6,yes,yes,yes,yes,yes,c102072d26bdeb4b6602d80b20e41521a953d0c32a2729fe6e871babb3837b2c,c102072d26bdeb4b6602d80b20e41521a953d0c32a2729fe6e871babb3837b2c,0d89989840a41041c0801641e1169669d5c4952fa288866b59391489cd2aa462,0d89989840a41041c0801641e1169669d5c4952fa288866b59391489cd2aa462,d882fefb5f4387b0c7672602c0bfc88a819cb7578fa5da41089f0bf2f1e0231e,d882fefb5f4387b0c7672602c0bfc88a819cb7578fa5da41089f0bf2f1e0231e
ce4f6fc61c611cdc5f0f30cd915159b6e4d0b5b398b234f6dc5327fa17cd9f4c,yes,yes,yes,yes,yes,f3bd14f05e0e44660099db6746460d4c1a2debf6b2e341d193bd3a8b2383e455,f3bd14f05e0e44660099db6746460d4c1a2debf6b2e341d193bd3a8b2383e455,5feb4678bc7a0bf364dc9b55d5da66cc5ff2a57f9f7ba9737425b654f4702b24,5feb4678bc7a0bf364dc9b55d5da66cc5ff2a57f9f7ba9737425b654f4702b24,a659c23c9cc87d8d04d56814ebda291e1570029c6d551ab384ba34253a6866b6,a659c23c9cc87d8d04d56814ebda291e1570029c6d551ab384ba34253a6866b6
76cdca252b949d6c6fd138c2777f1c9726f4aae686cc50daa23ba5839a4ec54a,yes,yes,yes,yes,yes,8e339540d081bff3d8967eac086ab9d9660d3d1f6dcb9594be8200953a4e1078,8e339540d081bff3d8967eac086ab9d9660d3d1f6dcb9594be8200953a4e1078,8298349dbe0847eca5b8e03b59d2999556058e89072961b9b45bdb6e9b1f3cdb,8298349dbe0847eca5b8e03b59d2999556058e89072961b9b45bdb6e9b1f3cdb,e4d78c02bc7935183ad59858567e709881bc5618258e9120c3bc836a5c0c3cf5,e4d78c02bc7935183ad59858567e709881bc5618258e9120c3bc836a5c0c3cf5
29cea600afa85d396a73565afeace06d6899bc94f958d562c27e7e802bd7df21,yes,yes,yes,yes,yes,67fbe23b828ee8c87f9542737e328ead9c3b3aef88c0273b78fc14dc5eaa8a0e,67fbe23b828ee8c87f9542737e328ead9c3b3aef88c0273b78fc14dc5eaa8a0e,2d485336c90f7e1b3f911a647e94be022589065df346d9f9124123a4a597d1b9,2d485336c90f7e1b3f911a647e94be022589065df346d9f9124123a4a597d1b9,53ce565eb65839dabc1e39919bf4a077ae7a911a29101bfa1cffd0d033e814d4,53ce565eb65839dabc1e39919bf4a077ae7a911a29101bfa1cffd0d033e814d4
53f0555ff2bfed446f188f6fa8b3573aaa4b9261d80610c514dffb5b4df59104,yes,yes,yes,yes,yes,85ed9934233aae95b9855de10a1c34107ece05201d30340bfa3e6827fded3066,85ed9934233aae95b9855de10a1c34107ece05201d30340bfa3e6827fded3066,e32904b8bb970f7d789f9ab5dfc76101e38c2ac8d42c5a113cb9e69565f85cd5,e32904b8bb970f7d789f9ab5dfc76101e38c2ac8d42c5a113cb9e69565f85cd5,acc7ede94b774301527b79a620ffde73e37ec002360d9962bd73e09d224dcfc6,acc7ede94b774301527b79a620ffde73e37ec002360d9962bd73e09d224dcfc6
b34eec80e36c75c39c0542cda0af0feaf5965b1320cfcd8933c65dfb3a8bae35,yes,yes,yes,yes,yes,02ea40fa4d2c487ff847a41e4b60107f487d32cede3e7302c8bcfe825360a69a,02ea40fa4d2c487ff847a41e4b60107f487d32cede3e7302c8bcfe825360a69a,77e0f6d9953f030fa9d1420bbecb17a809ba198ff68d11bfb71bfb70ac703259,77e0f6d9953f030fa9d1420bbecb17a809ba198ff68d11bfb71bfb70ac703259,6bafe4910183011dc575db71bd00d4c02a74abecdabdbcebbda40ef7fb7c93d0,6bafe4910183011dc575db71bd00d4c02a74abecdabdbcebbda40ef7fb7c93d0
c49057db5c28dde97f2f389279ba56f0a5816d29fc5986a67e6caf622eeee1f8,yes,yes,yes,yes,yes,5d40b5780a067d33912fff7613a8c8f3cf9b81f0deb32058404bcdd54f4910fd,5d40b5780a067d33912fff7613a8c8f3cf9b81f0deb32058404bcdd54f4910fd,5adc3531a89534e357098ea1d2a3ee29f5622599b2e9459d6ce8d0e2579647e9,5adc3531a89534e357098ea1d2a3ee29f5622599b2e9459d6ce8d0e2579647e9,1cc3ed73a010b8909a7dbdb0ed2e8f796a2c3cbb48d3fdee2fa5667e90c2acd7,1cc3ed73a010b8909a7dbdb0ed2e8f796a2c3cbb48d3fdee2fa5667e90c2acd7
aa21a64e4790d2cfd5b720ff5e87366ba6a8763f4d39202450774a0cb4f7a929,yes,yes,yes,yes,yes,ff9d7f1595489016279c28c11adb40529dab9fae95e16032eeedeee4f9bbadaa,ff9d7f1595489016279c28c11adb40529dab9fae95e16032eeedeee4f9bbadaa,d82e95d10d55716e59c0c16891b1baa4e2bfa5480db96af8beeb888be68fddd7,d82e95d10d55716e59c0c16891b1baa4e2bfa5480db96af8beeb888be68fddd7,a7a76f256c1e3097639c23250e837245ef867cf86e693d8ae51cfe763fe6fc2d,a7a76f256c1e3097639c23250e837245ef867cf86e693d8ae51cfe763fe6fc2d
3405031730bf423551be50589eca88b7f380588d9dcb83cc8a6c1c51feca9969,yes,yes,yes,yes,yes,10dbbbefddee81407bddaa0dd023b4ff6d5f9c67d97fa08bf6d33863ce008efb,10dbbbefddee81407bddaa0dd023b4ff6d5f9c67d97fa08bf6d33863ce008efb,ee47a5c413d06e78766da4db354f20ba99cc3928a35fadcad3dc73c48b52d835,ee47a5c413d06e78766da4db354f20ba99cc3928a35fadcad3dc73c48b52d835,d0d81fe5d2adbe0ea9bd7a55996460eca7a3f51a7a138e366f6fa3c5152e68e4,d0d81fe5d2adbe0ea9bd7a55996460eca7a3f51a7a138e366f6fa3c5152e68e4
28a60bbbfe490d163f0002936bea20322c6cbe81a21f2d7ba981841c302b7f67,yes,yes,yes,yes,yes,068c0eaff1f4d50f9d858a44d1c24bde5416354b80e68dd82cf25f141bf7eef9,068c0eaff1f4d50f9d858a44d1c24bde5416354b80e68dd82cf25f141bf7eef9,22ce4b70946126c1807cb56eba57dc29baca8c93450ea9d7b6b49d3a41617348,22ce4b70946126c1807cb56eba57dc29baca8c93450ea9d7b6b49d3a41617348,f5278ccbee2d6b2f3a4505c3f542f167dc347cd1515d0b513464c3b720251030,f5278ccbee2d6b2f3a4505c3f542f167dc347cd1515d0b513464c3b720251030
23c86a9471c50ba8e72561c8570015a8a3e24fb889f1c593aeafc97536f35b83,yes,yes,yes,yes,yes,fd7997ed808d0b3a2f85096f4adacb07721c4d64169b3a09e8783aec0ffa7ca7,fd7997ed808d0b3a2f85096f4adacb07721c4d64169b3a09e8783aec0ffa7ca7,7385f851e60a8f366d71c603cadad22fc7d9cbfc786e3b90284d616f070f277a,7385f851e60a8f366d71c603cadad22fc7d9cbfc786e3b90284d616f070f277a,ec25b2de5db9a1eca17a09dd1a44b7f96cdffb0ec6a72a91115c391362cf3b48,ec25b2de5db9a1eca17a09dd1a44b7f96cdffb0ec6a72a91115c391362cf3b48
98b8e1acaad6756b74267f165b4296973898133bb4b111164dfce01bf5bb1e97,yes,yes,yes,yes,yes,8ccc0c7c8423560a95f2741e90f71e9686b685ea11e8089e44cbfd09b5136ed4,8ccc0c7c8423560a95f2741e90f71e9686b685ea11e8089e44cbfd09b5136ed4,6122ac22437e514fda40be9b4f72e4d46fd362189073b966889e09a1d12cecb6,6122ac22437e514fda40be9b4f72e4d46fd362189073b966889e09a1d12cecb6,83af83dbbc3a16d97db5f6f3c0b72f6b0d885bd1de07fa5f20bf1198e374cee4,83af83dbbc3a16d97db5f6f3c0b72f6b0d885bd1de07fa5f20bf1198e374cee4
2396a3e4174e39aa23e0e1ee595aa40c7434560549f69d47a26eb2f838594302,yes,yes,yes,yes,yes,0806ea8eec763bc6adf2902ce25c18f2efc6732be5576aa93157b6f4d43f68dc,0806ea8eec763bc6adf2902ce25c18f2efc6732be5576aa93157b6f4d43f68dc,c1f65546b0f5bf4d29190bae65d8a4b9aa2747523a639923b782cee5fce7b565,c1f65546b0f5bf4d29190bae65d8a4b9aa2747523a639923b782cee5fce7b565,de8febcd99c19d57cc58eb56e977ee8384e9082d03c1c54e488033274699871a,de8febcd99c19d57cc58eb56e977ee8384e9082d03c1c54e488033274699871a
f2c19544d894fff794cad4d204a980c62fb39d82e89dc839c77fce973c0599c1,yes,yes,yes,yes,yes,d0f782b03fb4c3aa86a37ce6a24a8906af7218f57fea0f81baf4e283f7d4b4b8,d0f782b03fb4c3aa86a37ce6a24a8906af7218f57fea0f81baf4e283f7d4b4b8,ebaa3a32b688f8dfb2a88a25d376cbd3a5891a38dbfc248f36d29093ffc5f9f6,ebaa3a32b688f8dfb2a88a25d376cbd3a5891a38dbfc248f36d29093ffc5f9f6,0c9a3d60534e680b3b95b809fa99be47ccfdedfa56ebdc8260771a9c6a31fec9,0c9a3d60534e680b3b95b809fa99be47ccfdedfa56ebdc8260771a9c6a31fec9
d6e46bf818b6f3da0120790b76066e955a384a6056808d9141bacac526286a5d,yes,yes,yes,yes,yes,22e61cbaddafe58edba7ab0b8ef87b287e026fd4197bc6df6e84eca8971fbcf9,22e61cbaddafe58edba7ab0b8ef87b287e026fd4197bc6df6e84eca8971fbcf9,010f804cf29ea1d8034bc5eac52f2897e740f803055ba69cc6c109e8993e0e3c,010f804cf29ea1d8034bc5eac52f2897e740f803055ba69cc6c109e8993e0e3c,3d35115ba4056818d0a6219370e395099f892575f1ee2679e10859b9d1ba8dff,3d35115ba4056818d0a6219370e395099f892575f1ee2679e10859b9d1ba8dff
5ad95f1fe1e525892d5792d675aa34d2cbd47b6e8e1f76c37785efba804f509a,yes,yes,yes,no,no,4cdbd586226fab7059a64635f2a19bbd93769ec6c0833b9c0f80b34bc25a9de5,4cdbd586226fab7059a64635f2a19bbd93769ec6c0833b9c0f80b34bc25a9de5,c815b0a82b848a451dd02c533cb53f1434eda5652a04ec0612121b4b88d2cf46,df3ed68899a18004d8fa76be56770ecd217bfb405e9620f9f6a94f440b6b8229,88e7cab30ab8c0cf096ccfebdf007f6e4821515a837e0adf8d84b382dd37d4fd,e0ed0ba6aa1f200ce972dc890da3ac5900c38ced9c8edb4db92efb0ce79bdfd4
b8523fbfe3e0becd7d0c71d6a642741d5dcc2db02111348b981d38eddcbb7eaa,yes,yes,yes,yes,yes,34fd1101ba69c19c8466bae177a232388977d7da346e781a3c044f33b0a91fac,34fd1101ba69c19c8466bae177a232388977d7da346e781a3c044f33b0a91fac,79219722734d283c86bf8badda3e7c6822df8aeec215b1a46e91ee22e3225f88,79219722734d283c86bf8badda3e7c6822df8aeec215b1a46e91ee22e3225f88,87603bc901fb2c29c7e584a92f23fdfa8dcca0aad260ce35e8b8848d30234933,87603bc901fb2c29c7e584a92f23fdfa8dcca0aad260ce35e8b8848d30234933
a1833cb14b7f97f89c091ffb4aeee3e41d6ce5db78b7aa47ee0b3d0684f2aa4b,yes,yes,yes,yes,yes,075b2008bba1cc974c40abe18fb7f85ab9aad4f904310be69b0546964c325e94,075b2008bba1cc974c40abe18fb7f85ab9aad4f904310be69b0546964c325e94,8ee52bafaaa4d89c24aee326d474eed34fa366d33f4d2207d6f65c3313210579,8ee52bafaaa4d89c24aee326d474eed34fa366d33f4d2207d6f65c3313210579,22370e7162f38968f5c065b3dc88cfe3a192e0710147233f62e8191786b5c240,22370e7162f38968f5c065b3dc88cfe3a192e0710147233f62e8191786b5c240
58cdc95d71639fce13c242e41543b482003cfd8fc565c61ee51be9b29c002b01,yes,yes,yes,yes,yes,4be438ad1ea50e650e54b3a35a54cfe96f95aedb4054927e12954c9b7d987069,4be438ad1ea50e650e54b3a35a54cfe96f95aedb4054927e12954c9b7d987069,dc6f9bc26e195bdb5aeb66ef11b58cdc3ce432fdba6af574da2df52775194acd,dc6f9bc26e195bdb5aeb66ef11b58cdc3ce432fdba6af574da2df52775194acd,7c61f66ee5155e81626cb181551517e887fba69ed5cf250e999871902e437d0e,7c61f66ee5155e81626cb181551517e887fba69ed5cf250e999871902e437d0e
591f9844057d5d75e124508857f8a74aa99b79ac1a8230cf95c7a7c2ab179685,yes,yes,yes,yes,yes,eb2bc72375a674f697b22b4458f7e9eb7a665dd097326cb275e13914c6106ce6,eb2bc72375a674f697b22b4458f7e9eb7a665dd097326cb275e13914c6106ce6,fbb267938ce22ed5b0083b9635c4c232f79c2dd507edb61fc3f9b42772e7ee92,fbb267938ce22ed5b0083b9635c4c232f79c2dd507edb61fc3f9b42772e7ee92,51912c88762720a63653c804592bbe07fa6b7448222ebcf26d7815d52aee7bf7,51912c88762720a63653c804592bbe07fa6b7448222ebcf26d7815d52aee7bf7
1f86cacdeb7e666b1a6b382c8d2416225ec4754fd6c57002d643abd36d8e5940,yes,yes,yes,yes,yes,9a9c511fd987864c17b28228211b41d1469a1db92cd36d52494337ade98d3ac6,9a9c511fd987864c17b28228211b41d1469a1db92cd36d52494337ade98d3ac6,78d96aa10331865b058dfa0d55f259e9f8658ca7046dde351c8f6c2fce8cc021,78d96aa10331865b058dfa0d55f259e9f8658ca7046dde351c8f6c2fce8cc021,055f9bca1e2ce482231800f8a17dd569ade79540c9838f92de204f7ee6b5c5b5,055f9bca1e2ce482231800f8a17dd569ade79540c9838f92de204f7ee6b5c5b5
f8d810017bbb9ac4e850d38540e295392f41bac9ff624e81acdf7a1f2cb80acc,yes,yes,yes,yes,yes,e71492e2bba2c1bd8042a43f307c94c2753b04ffc4c361395a41d0051af62fbc,e71492e2bba2c1bd8042a43f307c94c2753b04ffc4c361395a41d0051af62fbc,00c0770fe8d58562f55c7e01c472b7ece6313e8745b83914135690d067987f53,00c0770fe8d58562f55c7e01c472b7ece6313e8745b83914135690d067987f53,e2eddbdf3b57264da4fa2c0b3f4a28cd84f34de8f1014ba35e65f558ea687ff5,e2eddbdf3b57264da4fa2c0b3f4a28cd84f34de8f1014ba35e65f558ea687ff5
d11e336323a9091d2f439263d5c057fe39ebe092ee12f3e9e96d4f4f5424a677,yes,yes,yes,yes,yes,e40d2fc61dc82710780455ed5fa2086c8ad1d9b13c72ee6e4ca9d860d82aad2b,e40d2fc61dc82710780455ed5fa2086c8ad1d9b13c72ee6e4ca9d860d82aad2b,9d8b61e0faf7b9f51402fbabd6a829e9a9d2dc60c58531a4f35afd183fb85e07,9d8b61e0faf7b9f51402fbabd6a829e9a9d2dc60c58531a4f35afd183fb85e07,b4b60ce60d7d1c4b28b1e88787557e261cc8e1c6420208e7f977f6d5d38f2d32,b4b60ce60d7d1c4b28b1e88787557e261cc8e1c6420208e7f977f6d5d38f2d32
22272af148070889a24cb7dc7679fe619214ddb34f0afbabab8a1d16220ca141,yes,yes,yes,yes,yes,98314cf9ec1298f0979197f6d92ed2dd0f6df76e6da1300c7937071999f5cca6,98314cf9ec1298f0979197f6d92ed2dd0f6df76e6da1300c7937071999f5cca6,3b2a7838145d67442188fb8297c7d133ec67c962e169fe0d926540ff58afcdb5,3b2a7838145d67442188fb8297c7d133ec67c962e169fe0d926540ff58afcdb5,520d36c8341397fa553bf9c471c594aeead27a26503e2e12f1a0c6d1296aaf1e,520d36c8341397fa553bf9c471c594aeead27a26503e2e12f1a0c6d1296aaf1e
