opaque_id_sha256,row_count,key_root_sha256,type_root_sha256,key_value_root_sha256
0257331834103e0712ae5d8b0c4d3ba7c0e6c6d504107312b94e84e1f106f881,5,df6f0f6bb6dbc9cc7e930957eae0feb1486c0ac93cb76eee7e160e5aed0b9c36,e39a11d9e4231f3a34281d1b50fb183a60581808d614a83e6c3588dede6ae316,ebc2cca19e84f03a0b2c61f9829731ed47a0cac9fac1d4f5277cea833d38dca7
0bfccbd954f4ca08269456fb905b6d46b854649674ae0ec99fe222b2e0b9e003,14,ce1b759abcb62cef5fedd5d320750f93be790b807d0126bf5a813c422791944b,d8d7be622ecacd8a2bd7c5cf6ee5351b2f19c63b2f20d266e958831d29abb7a2,817d151e6c7e3eb5de506ea2dd26242b61dfba4e9f766e6bf9b19533abbd6acc
0d1ced164209f2787df87625b810b4162e603db16d8496c3ddacfd4a7287aca9,1,26bfff5ce085bc3033213c1a81900c14012e7c3ea84b62b089b6ce5e3491e0f1,006f267ee1a1bb240b3a5a580cbd75cf9241f597c8e8994162b96c89203d3633,83654bcfcca1a7c164797481c66e4fdca53a0565507747ad133c6e65c3368232
0e06932ee5909e6c209f2a5717b061811161813e7ddcd56f31f51a21387ef07b,7,0dc0d771de24faf87ecce29f7f1eb696b2d5ac505dd138f61157b29279a8eeed,1cedf75f39d5af24c782933d2b4f3386efa6d539b924c8f1e0ebe56867c0ad2d,d8bad35fb08a89502e5b632510e3ec3e10c107c7b7d4f49e484486c913cab32d
10afa91fc1bf676408f035057a7fabcd04ed0aaf54340484cb44b7fbdf5bfc73,1,f51c36648d88d006620a4d83164782ef61915661a72e10192e3d4b713b15d41c,64eaa2e78edeac179e11328943fc4590bae0a57c1a45544df9577d711608009d,274e9a73a2e1cdc8b216fbb347643abdeea0a6d70eac6b4d0dec90e164c3fcfb
24e0735ebd7e24a5dd7290bd1b95f3bd0cdb5ee4fdf189ce7b0b6ab433520be2,1,77f57e4ba3bb8895d617e96d182324ff810c8833790781b0f1845db119a79e88,3e8868eefd9c941c957941a7b8fc0e057ee37ebdd0dec9599e9351818f303ce6,62b25114db5a449a58cf633ef2f81e1c8a0632d86240914e5e1464b0aa7f7437
29388cf3ab103092b1d830e4aa770b317c4c749d13b821d701b1b3a967ca8abe,1,3c77f28c78bc2770d7851decedc7f751b76569c3bf9fe53127f65cf2d278a526,043df9383c40b3a6f8abc03e7e05b657ed576423ed513ce95fba2ea206a49007,9140d5ba453e738433b29c11ed9ef17839dded28a301efb8627ec137c70990e6
2e480a7efd98dd832d47ac85ef7959f73c25bd337dd2020784fedadb11ddc679,1,82b093211c0058d05f957e3ca8d335d25ffa5b89b9afcc93c9d9440bcbe1c58a,25411574e666c5a358556a8e68f307c175465b7efc762d9b6dbc81d671e14c8f,3da140d0197df015cecfd45dad84bd39f5fa059277c26fd20aae8f27aa4a7156
34d6b7aab352999b26ea093ff4e5f0fb7c8839c8c28576fa261c7cc13bb93d5e,1,a506230195248aa07a061b099bd01a096c41aee665de1a1938668946ef73d290,913180265c41c900091afe23751bed3080884b76898b1577ffa69358bd4b6a0c,a2dbe271f764eb805e0be5f7966e3e1766eb1122476d6f512f68bd55a2c6c94d
396f759307193fba431c743788fb6f510da5392dcc84fbf459895ec8d3c42698,1,0578858400c922a90e3dd6380f85ebd0420c73fae70064268d587d1c9eef5f0b,8fcaba79daa381b3dd4438502c9a9b30874c5ab1bab529a3ef3dd63f5b63425b,e7ad13b30968f2b2c79191be832f4c254db4a47a216da66ee5e3857181d5af72
49711a4c9e8969335cb028cd1c2d53e3fe41da79c8562be25c2b93aaf81b7e8f,1,cb7e0c2253a15461e2e629c831d427a124793b4e6acf63ab5538b7c72911d8ac,ac572079fa714f663a3c3a7ba29f427b3908c6f7abe10c2b49af63d1a6075c1f,37eaf588612e0e43e115bcb85a88341499290ffef91901d88d133d5cf47d3b45
4d1bd75c67161ce9b46f9de03a9e9ea691882ca852b98e8a1e9b9956f5abd86f,1,13dbfc1b76903e9b9bac52a2b7d6e99c91be228558d20615af1641246ef450b0,0c29298bef81b385909189e0fa7716faa8b9583472612347e0dc49e44bfd4c30,fa09957ae524ce12e21d5dfd65cf98d2d84eff90592cb124ba6feac78c2db012
4dd0f0068be7e1884831856a57dd764236980ebbfff758aa0599586eb1512434,1,d47b15f2bbbabc7bcbbf61530fe59622458e083a5be1c0e8992e8fef66c1e1dc,7a32eada3af260ae6d98f01efe837fd2db358a4b1e2e34acf2dd450d49fe3e82,7360593aed6785698500b4708f1f06d532a8a71c613de2459f9b1d07340b9429
52902329ab4e7cb84e3af0e47a9a14408436a71b66f7586f9412ed91e2f56f51,1,7519d645e9011bd0e488777e7f14912e976f45a8a3f6964fa48d62d0d9bd737e,b57959b4ba919b3830275924b4e004bc4e453e915769f31dec89105dcc368567,d4084b7fd8a77deb79d97cd9287b8fa35816a491f0fae35d102dea8c13719223
704d3e7859ec7eae129d5b3cdd06cf19e189960bc78a57d02e1809fffdbf122d,9,b15a2788b453c787c682ea2ed8a5f210f37276a1cfb85be689287443b2e5da7a,ba5f6ae3ab27962154b38e95ad7beb3f7942428c394de3ca22555b76d890d1de,b6e145cbfc5b26f34866dd57915d8deb4ed72386a1621253964d64e9efc0b980
74dedef82a0d7d2ebdfbe6816d19cd3ad55821f8dab602f72f2b2db16d96ece3,1,cd111355a9c8c887611c695be911713147f95e73e9951f85b2e4e9204435539b,c93e8ea87c513c3b7db1004ffd59c8bb6f4bb84732cb91c109292c9951b7a167,0b6fa836f20ae276314889f31c27ae06c7bb1c0d65423a1506c94c15288327ac
78027ac2f5d3d729eb48a3914aa9d129827b9c9ca2cc4c2b31ac2311cf1dc345,1,493958bc1cba2c05e7ee205f682ddbcb6e7160228d09f550956765737f38e90e,7d050467ef970a327bc75c205f399d187c0aef977ef3f13ff54e7e2d63946ccd,ce7d82c68c9322743335330f08113ef2780a16140256a50072d07cdbde9ac593
7c4128fe9d2d9b20f6a4954808cee55531ef0baca9f1b78f55783ba91161726b,1,aa0d1e3f9d774b6668388fb83f8094496f373b97c5c65013bc3a316fc733429a,117b8adf617bb06f6b7fcc8ea5e5cc3d1a50cccea8d8e580c3e0c863f530921e,85be0efcc2f113959661d25db205e2a3f8e24da8ede3b51591bff81278291b95
7c79d72cf58a0cf4746978a79de4e0581a1cc072234588ee5668cc51a0c7e294,1,87f371bd3e6de8d62b7f0db4a773df09cc477db757a72d360ee41e598e65ddff,4b8712077d0f9e6d5199450e9edbdca31e59c6da1400dfaaab9d514d4586d31f,d6f97a40b0e41e655c97e9d8637866c5854b0389c1576a494587e4eb584ea0bb
94647cf3ec4c0c4925b2a1b28ac4593f4bd86ed08c5af12706865f19094ddfb3,45,29fefe5bcb3a74de9555f1f2c5bebe5d2fb65794de1527e9638b37bc747d2291,e267c8fc4d3dd1cce906c7c5c6707885f9a9508dc3e92ecab134f6c2773adfdb,f145bf3c934d0478061d604d4999ba75a8051c1e2803bafee10c57447fd2328e
9a7a8717685c4cc9dd15299acea51f258b47a7024d281206b8ed2cd64695fc2d,7,5dbc4bb8fffccc19033894bc054486bf293c1001b5b3bdd27d5dc702d3cc7364,de20abd2c2ad73590049d3df33d4e4199aba6a335fbaf6737b66c2f5bd6edab5,d4f47eadfa17562280caa64985224d1ecfb433d2185e4cbaf1cf8809f5928fce
a441c2503c2120bff0ecad0328899fc04777f95a34031c5ddbf1d9509471da03,1,c4bb50dd8fd20ad39245b3b5a0173d96cade1e97d2358d1277ed81349db6d383,a9dcdcc980248dc4d8fb6c92ae4b8b8cfa18b35525f1dfbca347e694e362a5e8,be875867f17d7fb31b80a17e4907683da4cc120c0c94545293dcd45989c1cb7c
b35fd10f39b92d060f7361f7aae7c1f04977d78c03b18f010842c3519021ba4d,1,c778329769ef45860e1d3c29a7dd2b5c078968099786bdf46ccff19fa8e4dfaa,02c43fb7287c39f4e40bf3858b96f3a62c0d13d62edd57b3caf0524c2f6bcccb,70fe7803057ecea5ed83c3b89d88bcc325a859acf31f9569935f6ecfd8ce3c39
b5cc60384ebfe346df2492a8cceca99b36c99d7ee7c599bfe23b8c61f70b05c9,7,a538c1c6c7535b3b940cdc7c0a17f57ea0a4d87bc14bef7e80ce7d86170ca019,e42fbdc227399170f9e90984e916c48915e28a6f9221531c712d6419a95cf7d2,052909ef0e82383d7fad5c59179d5bf8c2f07900f61a447d96d43c9ed6ea1e0d
b6687d58ec2c7f9e2fbefe4513c6817ac20ce3183c8f0d0c38e322e827bf6294,1,ebcfe87f0b8175cf4cc1e393bfc009dc8d894996f0dceed489d55490365334c1,a3b10e25d94989426189e784a94f46ef926dc9fcf9b229aad3d3b023324a5f44,fd417fe2e368c6aaa13a2bc1e5e49ea254dd6f211d6e20857c5d74880023bc65
b97c39820396ae928d8edc1f1c2f140d06ffb775a512526cf30b6177297823b1,1,cd70906dc68e96e6427880ad60a468f35f8d2d8818485a5e7cb19e39940be880,d3b55b3368efd5a6f8dc4f938d2ca4c0a490c859e70ef523dcfba3c87f6f8060,58e7ce74eba974e99b42f2c38dc9302a9b852a190066ade393542b8fd3d45ed6
be2cb45763feb3d35e27449ca1f4c58d68965c17446ca466f6445dee44d68e55,4,e8c657f6d30e7a97f773f6408a0637a0cdec7493321a5026ff9eca41439c5176,0ef97eabd179b628427f74a227b015df997c4c7654353fc420995d53a284c273,a1dee46f92f615a733152df9d625cd88e2004b81e3aed2c2a9e51f7d91524891
bf48d9e03a269859599033d4425a7fa987498553eb9e37fe375a9380daaa3284,1,1ef924e55db83d62c688b28406e752bce4016299700d7b3fdb42a2940ffb10e6,14d1630576183c7e6b11c36b0b64c05ec873c373d9f84161d09b26a73edb3108,4c1a8db960784bdef5115c83879262516e9c8c0dcfc9e7dac4701558ddda4149
c168afe839a6c9b7fbbdf5b8c48646d208f891e17f2e91633a5bfacde258bafc,1,5b12646495eec5cd536f37c77600ab8305d8d49f62d0659eefe19ffb737ede43,bf8af479a6b728400f629e4e2e750ffb2b2fc37702fb734787a6ea889d448ec1,ff81093e36d03a093f40b746e9374af814d02044cc2a88f6c974146683914bbc
d08864176b04074017e9c680e0493fa612f7000a9b1817612e326dd42fd7e372,1,f586615f952a8cdbe6ad5a4adaea5b3a0d1140d097aea43e1113527c6256ee09,35d5fa6dfacf8624f03c465947203b657d498eff8ba9e5db1cf47c9e2395aa7a,2718f3c01fe1e345a88f81b2879639922075c4571462f45fd95d7f826b5f0aef
d5aede23f0e17d6651471a86e8aebfd7c776e26fcbe10a6d1d55b5b1810dd263,1,96a8153ff0d25513a00d4e03d50f503325905e5274b5886150d1e41fea6905ec,935ac61d317f13fbba97c675d92038572abd8f8df051238de2df8fa98577f552,8eb08b082f3c23a54c1928ac729bf47c708ea3e0295b55a59b2dadb5c8a53057
e25544aa286912837bde6c28a9c8ef79a67f2f7486f32e6ad239201cc33dffee,1,e191db9b69633b83dc8c71f0d31ecace8268e349dc25454bdf8eba6e9cef1389,e7706292857e75ad2616ecf402f9e652d71d93f437e24a4b88565a8f24c6eb91,9b55e3dd33565fc823d09449500c1cfedffcaa65c3b294f9ea683406f8f19b4d
e6b3cefa543417b667746d0ba315a806eb9a7398e66ed4ec6ce2f8065001d96b,1,68f9f20b4deab6e02c2949dff7f79a280a7fa5f418043172a53640c35e367a39,353e63eadb16303bab161a7eb6b6ce3b11f0cff8bd26df9757adbea833ca0720,2f06fc2ce74ee0c93386b0bdd7c059aa091639117048474bb3229a906a9080e2
f26a7ec13d777b58413d8db40c8bdda1954751c44c198596646377c32f1c3444,1,2d3ef106b84fd4d721811017979ff04933793fc6deadbd28ae0c0c3c4cb7558b,f92f42c1f093849fbdc568153c39d5f037f740aee9e47807b8d22f68a5ac03a4,241e5d5f429b271b333c7c5b9f30400bcf758088b6956f80d92c63919000b33a
f9bfaf409bf2b61f9ac36036dbba0092480b12d2544df7f087c2437098de0eb0,4,6595991e7bcfdef050f0cb7590cc7f97717b622ee2e8eba9617354144c4aa897,fc7d898b2ca7cf53bda7894c2b389409f81829b736c1e40e0029e605902c2419,72ee27aacc4825e37d35c62fadf23002053155598298974f3314772fc5374417
fd06840d11d22fa05ad00a370abcdef60c94450acbbe9d2cc6560fe0d6f4c225,2,b0dfe64605d18a926b66095d73c0aa037e5eb69b55533a64dfa10ed4908d63e0,6fd12a5ca0e361970c19d86d6143ab1cdc7d72e9e80a5c494107ac208e8be9ea,79385deaebc93a6091d57e532771c181db58d59b51023326e7e067a2d3a7127f
