"methods","uri","name","handler","controller","middleware","domain","handler_exists","source_file","source_line"
"GET","api/google-rating","","App\Http\Controllers\Api\GoogleRatingController@__invoke","App\Http\Controllers\Api\GoogleRatingController","api","","yes","app/Http/Controllers/Api/GoogleRatingController.php","13"
"GET","api/google-reviews","","App\Http\Controllers\Api\GoogleReviewsController@__invoke","App\Http\Controllers\Api\GoogleReviewsController","api","","yes","app/Http/Controllers/Api/GoogleReviewsController.php","38"
"POST","api/test/synvolve/order-capture","","App\Http\Controllers\Api\SynvolveTestWebhookController@captureOrder","App\Http\Controllers\Api\SynvolveTestWebhookController@captureOrder","api","","yes","app/Http/Controllers/Api/SynvolveTestWebhookController.php","12"
"POST","api/test/synvolve/message-capture","","App\Http\Controllers\Api\SynvolveTestWebhookController@captureManagerMessage","App\Http\Controllers\Api\SynvolveTestWebhookController@captureManagerMessage","api","","yes","app/Http/Controllers/Api/SynvolveTestWebhookController.php","19"
"GET","api/test/synvolve/latest/{type?}","","App\Http\Controllers\Api\SynvolveTestWebhookController@latest","App\Http\Controllers\Api\SynvolveTestWebhookController@latest","api","","yes","app/Http/Controllers/Api/SynvolveTestWebhookController.php","26"
"GET","api/blog/categories","","App\Http\Controllers\Api\BlogIntegrationController@categories","App\Http\Controllers\Api\BlogIntegrationController@categories","api|integration.api_key","","yes","app/Http/Controllers/Api/BlogIntegrationController.php","20"
"GET","api/blog/authors","","App\Http\Controllers\Api\BlogIntegrationController@authors","App\Http\Controllers\Api\BlogIntegrationController@authors","api|integration.api_key","","yes","app/Http/Controllers/Api/BlogIntegrationController.php","63"
"POST","api/blog/authors","","App\Http\Controllers\Api\BlogIntegrationController@storeAuthor","App\Http\Controllers\Api\BlogIntegrationController@storeAuthor","api|integration.api_key","","yes","app/Http/Controllers/Api/BlogIntegrationController.php","110"
"GET","api/blog/posts","","App\Http\Controllers\Api\BlogIntegrationController@posts","App\Http\Controllers\Api\BlogIntegrationController@posts","api|integration.api_key","","yes","app/Http/Controllers/Api/BlogIntegrationController.php","174"
"POST","api/blog/media","","App\Http\Controllers\Api\BlogIntegrationController@storeMedia","App\Http\Controllers\Api\BlogIntegrationController@storeMedia","api|integration.api_key","","yes","app/Http/Controllers/Api/BlogIntegrationController.php","614"
"POST","api/blog/posts","","App\Http\Controllers\Api\BlogIntegrationController@storePost","App\Http\Controllers\Api\BlogIntegrationController@storePost","api|integration.api_key","","yes","app/Http/Controllers/Api/BlogIntegrationController.php","283"
"PATCH","api/blog/posts/{post_id}","","App\Http\Controllers\Api\BlogIntegrationController@updatePost","App\Http\Controllers\Api\BlogIntegrationController@updatePost","api|integration.api_key","","yes","app/Http/Controllers/Api/BlogIntegrationController.php","430"
"POST","api/sa/webhooks/messages","","App\Http\Controllers\Api\SaIntegrationController@messagesWebhook","App\Http\Controllers\Api\SaIntegrationController@messagesWebhook","api|integration.api_key","","yes","app/Http/Controllers/Api/SaIntegrationController.php","36"
"POST","api/crm/webhooks/send-message","","App\Http\Controllers\Api\SaIntegrationController@sendMessageWebhook","App\Http\Controllers\Api\SaIntegrationController@sendMessageWebhook","api|integration.api_key","","yes","app/Http/Controllers/Api/SaIntegrationController.php","115"
"GET","api/sa/services-catalog","","App\Http\Controllers\Api\SaIntegrationController@servicesCatalog","App\Http\Controllers\Api\SaIntegrationController@servicesCatalog","api|integration.api_key","","yes","app/Http/Controllers/Api/SaIntegrationController.php","187"
"GET","api/sa/catalog-full","","App\Http\Controllers\Api\SaIntegrationController@catalogFull","App\Http\Controllers\Api\SaIntegrationController@catalogFull","api|integration.api_key","","yes","app/Http/Controllers/Api/SaIntegrationController.php","262"
"GET","api/sa/services/{service_id}/sizes","","App\Http\Controllers\Api\SaIntegrationController@serviceSizes","App\Http\Controllers\Api\SaIntegrationController@serviceSizes","api|integration.api_key","","yes","app/Http/Controllers/Api/SaIntegrationController.php","344"
"GET","api/sa/services/{service_id}/price-by-size","","App\Http\Controllers\Api\SaIntegrationController@servicePriceBySize","App\Http\Controllers\Api\SaIntegrationController@servicePriceBySize","api|integration.api_key","","yes","app/Http/Controllers/Api/SaIntegrationController.php","440"
"GET","api/sa/orders/lookup","","App\Http\Controllers\Api\SaIntegrationController@lookupOrders","App\Http\Controllers\Api\SaIntegrationController@lookupOrders","api|integration.api_key","","yes","app/Http/Controllers/Api/SaIntegrationController.php","1062"
"POST","api/crm/webhooks/pipeline-changed","","App\Http\Controllers\Api\SaIntegrationController@pipelineChangedWebhook","App\Http\Controllers\Api\SaIntegrationController@pipelineChangedWebhook","api|integration.api_key","","yes","app/Http/Controllers/Api/SaIntegrationController.php","991"
"POST","api/sa/leads","","App\Http\Controllers\Api\SaIntegrationController@createLead","App\Http\Controllers\Api\SaIntegrationController@createLead","api|integration.api_key","","yes","app/Http/Controllers/Api/SaIntegrationController.php","1170"
"PATCH","api/sa/leads/{lead_id}","","App\Http\Controllers\Api\SaIntegrationController@updateLead","App\Http\Controllers\Api\SaIntegrationController@updateLead","api|integration.api_key","","yes","app/Http/Controllers/Api/SaIntegrationController.php","1384"
"POST","api/sa/escalations","","App\Http\Controllers\Api\SaIntegrationController@createEscalation","App\Http\Controllers\Api\SaIntegrationController@createEscalation","api|integration.api_key","","yes","app/Http/Controllers/Api/SaIntegrationController.php","1485"
"POST","api/crm/webhooks/bot-control","","App\Http\Controllers\Api\SaIntegrationController@botControlWebhook","App\Http\Controllers\Api\SaIntegrationController@botControlWebhook","api|integration.api_key","","yes","app/Http/Controllers/Api/SaIntegrationController.php","1549"
"GET","admin/user_images/{path}","","Closure","","web","","yes","routes/admin.php","10"
"GET","admin/gallery-items/{path}","","Closure","","web","","yes","routes/admin.php","34"
"POST","admin/seo-meta/generate","voyager.seo-meta.generate","\App\Http\Controllers\Voyager\SeoMetaGenerationController@generate","\App\Http\Controllers\Voyager\SeoMetaGenerationController@generate","web|admin.user","","yes","app/Http/Controllers/Voyager/SeoMetaGenerationController.php","33"
"GET","admin/seo-meta-suggestions","voyager.seo-meta-suggestions.index","\App\Http\Controllers\Voyager\SeoMetaSuggestionController@index","\App\Http\Controllers\Voyager\SeoMetaSuggestionController@index","web|admin.user","","yes","app/Http/Controllers/Voyager/SeoMetaSuggestionController.php","49"
"POST","admin/seo-meta-suggestions/scan","voyager.seo-meta-suggestions.scan","\App\Http\Controllers\Voyager\SeoMetaSuggestionController@scan","\App\Http\Controllers\Voyager\SeoMetaSuggestionController@scan","web|admin.user","","yes","app/Http/Controllers/Voyager/SeoMetaSuggestionController.php","152"
"POST","admin/seo-meta-suggestions/generate/{id}","voyager.seo-meta-suggestions.generate","\App\Http\Controllers\Voyager\SeoMetaSuggestionController@generate","\App\Http\Controllers\Voyager\SeoMetaSuggestionController@generate","web|admin.user","","yes","app/Http/Controllers/Voyager/SeoMetaSuggestionController.php","183"
"POST","admin/seo-meta-suggestions/approve/{id}","voyager.seo-meta-suggestions.approve","\App\Http\Controllers\Voyager\SeoMetaSuggestionController@approve","\App\Http\Controllers\Voyager\SeoMetaSuggestionController@approve","web|admin.user","","yes","app/Http/Controllers/Voyager/SeoMetaSuggestionController.php","200"
"POST","admin/seo-meta-suggestions/reject/{id}","voyager.seo-meta-suggestions.reject","\App\Http\Controllers\Voyager\SeoMetaSuggestionController@reject","\App\Http\Controllers\Voyager\SeoMetaSuggestionController@reject","web|admin.user","","yes","app/Http/Controllers/Voyager/SeoMetaSuggestionController.php","239"
"POST","admin/seo-meta-suggestions/apply/{id}","voyager.seo-meta-suggestions.apply","\App\Http\Controllers\Voyager\SeoMetaSuggestionController@apply","\App\Http\Controllers\Voyager\SeoMetaSuggestionController@apply","web|admin.user","","yes","app/Http/Controllers/Voyager/SeoMetaSuggestionController.php","253"
"POST","admin/seo-meta-suggestions/bulk","voyager.seo-meta-suggestions.bulk","\App\Http\Controllers\Voyager\SeoMetaSuggestionController@bulk","\App\Http\Controllers\Voyager\SeoMetaSuggestionController@bulk","web|admin.user","","yes","app/Http/Controllers/Voyager/SeoMetaSuggestionController.php","280"
"GET","admin/alt-suggestions","voyager.alt-suggestions.index","\App\Http\Controllers\Voyager\AltSuggestionController@index","\App\Http\Controllers\Voyager\AltSuggestionController@index","web|admin.user","","yes","app/Http/Controllers/Voyager/AltSuggestionController.php","46"
"POST","admin/alt-suggestions/approve/{id}","voyager.alt-suggestions.approve","\App\Http\Controllers\Voyager\AltSuggestionController@approve","\App\Http\Controllers\Voyager\AltSuggestionController@approve","web|admin.user","","yes","app/Http/Controllers/Voyager/AltSuggestionController.php","162"
"POST","admin/alt-suggestions/reject/{id}","voyager.alt-suggestions.reject","\App\Http\Controllers\Voyager\AltSuggestionController@reject","\App\Http\Controllers\Voyager\AltSuggestionController@reject","web|admin.user","","yes","app/Http/Controllers/Voyager/AltSuggestionController.php","194"
"POST","admin/alt-suggestions/regenerate/{id}","voyager.alt-suggestions.regenerate","\App\Http\Controllers\Voyager\AltSuggestionController@regenerate","\App\Http\Controllers\Voyager\AltSuggestionController@regenerate","web|admin.user","","yes","app/Http/Controllers/Voyager/AltSuggestionController.php","214"
"POST","admin/alt-suggestions/revert/{id}","voyager.alt-suggestions.revert","\App\Http\Controllers\Voyager\AltSuggestionController@revert","\App\Http\Controllers\Voyager\AltSuggestionController@revert","web|admin.user","","yes","app/Http/Controllers/Voyager/AltSuggestionController.php","303"
"POST","admin/alt-suggestions/bulk","voyager.alt-suggestions.bulk","\App\Http\Controllers\Voyager\AltSuggestionController@bulk","\App\Http\Controllers\Voyager\AltSuggestionController@bulk","web|admin.user","","yes","app/Http/Controllers/Voyager/AltSuggestionController.php","239"
"GET","admin/locales/order","voyager.locales.order","\App\Http\Controllers\Admin\AdminLocaleController@order","\App\Http\Controllers\Admin\AdminLocaleController@order","web|admin.user","","yes","app/Http/Controllers/Admin/AdminLocaleController.php","848"
"POST","admin/locales/action","voyager.locales.action","\App\Http\Controllers\Admin\AdminLocaleController@action","\App\Http\Controllers\Admin\AdminLocaleController@action","web|admin.user","","yes","app/Http/Controllers/Admin/AdminLocaleController.php","914"
"POST","admin/locales/order","voyager.locales.update_order","\App\Http\Controllers\Admin\AdminLocaleController@update_order","\App\Http\Controllers\Admin\AdminLocaleController@update_order","web|admin.user","","yes","app/Http/Controllers/Admin/AdminLocaleController.php","890"
"GET","admin/locales/{id}/restore","voyager.locales.restore","\App\Http\Controllers\Admin\AdminLocaleController@restore","\App\Http\Controllers\Admin\AdminLocaleController@restore","web|admin.user","","yes","app/Http/Controllers/Admin/AdminLocaleController.php","682"
"GET","admin/locales/relation","voyager.locales.relation","\App\Http\Controllers\Admin\AdminLocaleController@relation","\App\Http\Controllers\Admin\AdminLocaleController@relation","web|admin.user","","yes","app/Http/Controllers/Admin/AdminLocaleController.php","931"
"POST","admin/locales/remove","voyager.locales.media.remove","\App\Http\Controllers\Admin\AdminLocaleController@remove_media","\App\Http\Controllers\Admin\AdminLocaleController@remove_media","web|admin.user","","yes","app/Http/Controllers/Admin/AdminLocaleController.php","718"
"GET","admin/locales","voyager.locales.index","\App\Http\Controllers\Admin\AdminLocaleController@index","\App\Http\Controllers\Admin\AdminLocaleController@index","web|admin.user","","yes","app/Http/Controllers/Admin/AdminLocaleController.php","104"
"GET","admin/locales/create","voyager.locales.create","\App\Http\Controllers\Admin\AdminLocaleController@create","\App\Http\Controllers\Admin\AdminLocaleController@create","web|admin.user","","yes","app/Http/Controllers/Admin/AdminLocaleController.php","445"
"POST","admin/locales","voyager.locales.store","\App\Http\Controllers\Admin\AdminLocaleController@store","\App\Http\Controllers\Admin\AdminLocaleController@store","web|admin.user","","yes","app/Http/Controllers/Admin/AdminLocaleController.php","487"
"GET","admin/locales/{id}","voyager.locales.show","\App\Http\Controllers\Admin\AdminLocaleController@show","\App\Http\Controllers\Admin\AdminLocaleController@show","web|admin.user","","yes","app/Http/Controllers/Admin/AdminLocaleController.php","275"
"GET","admin/locales/{id}/edit","voyager.locales.edit","\App\Http\Controllers\Admin\AdminLocaleController@edit","\App\Http\Controllers\Admin\AdminLocaleController@edit","web|admin.user","","yes","app/Http/Controllers/Admin/AdminLocaleController.php","341"
"PUT|PATCH","admin/locales/{id}","voyager.locales.update","\App\Http\Controllers\Admin\AdminLocaleController@update","\App\Http\Controllers\Admin\AdminLocaleController@update","web|admin.user","","yes","app/Http/Controllers/Admin/AdminLocaleController.php","392"
"DELETE","admin/locales/{id}","voyager.locales.destroy","\App\Http\Controllers\Admin\AdminLocaleController@destroy","\App\Http\Controllers\Admin\AdminLocaleController@destroy","web|admin.user","","yes","app/Http/Controllers/Admin/AdminLocaleController.php","536"
"GET","admin/orders","voyager.orders.index","\App\Http\Controllers\OrdersController@index","\App\Http\Controllers\OrdersController@index","web|admin.user","","yes","app/Http/Controllers/OrdersController.php","124"
"GET","admin/orders/{id}","edit_admin_order","App\Http\Controllers\Admin\OrdersController@edit_admin_order","App\Http\Controllers\Admin\OrdersController@edit_admin_order","web","","yes","app/Http/Controllers/Admin/OrdersController.php","111"
"GET","admin/orders/{id}/edit","edit_admin_order","App\Http\Controllers\Admin\OrdersController@edit_admin_order","App\Http\Controllers\Admin\OrdersController@edit_admin_order","web","","yes","app/Http/Controllers/Admin/OrdersController.php","111"
"PUT|PATCH","admin/orders/{id}","voyager.orders.update","\App\Http\Controllers\OrdersController@update","\App\Http\Controllers\OrdersController@update","web|admin.user","","yes","app/Http/Controllers/OrdersController.php","985"
"GET","admin/sitemap","","Closure","","web","","yes","routes/admin.php","94"
"GET|POST|PUT|PATCH|DELETE|OPTIONS","admin/image_gen_by_order_id/{id}","image_gen_by_order_id","App\Http\Controllers\Admin\ImageGenController@image_gen_by_order_id","App\Http\Controllers\Admin\ImageGenController@image_gen_by_order_id","web","","yes","app/Http/Controllers/Admin/ImageGenController.php","18"
"POST","admin/user/change-pdf-locale","change_pdf_locale","App\Http\Controllers\Admin\OrdersController@changePdfLocale","App\Http\Controllers\Admin\OrdersController@changePdfLocale","web","","yes","app/Http/Controllers/Admin/OrdersController.php","86"
"GET|POST|PUT|PATCH|DELETE|OPTIONS","admin/upload/tinyimage","tiny_upload","App\Http\Controllers\Admin\VoyagerAdminController@tiny_upload","App\Http\Controllers\Admin\VoyagerAdminController@tiny_upload","web","","yes","app/Http/Controllers/Admin/VoyagerAdminController.php","204"
"POST","admin/delete_order_image","delete_order_image","App\Http\Controllers\Admin\VoyagerAdminController@delete_order_image","App\Http\Controllers\Admin\VoyagerAdminController@delete_order_image","web","","yes","app/Http/Controllers/Admin/VoyagerAdminController.php","50"
"POST","admin/update/painter/orders","update_painter_orders","App\Http\Controllers\Admin\VoyagerAdminController@update_painter_orders","App\Http\Controllers\Admin\VoyagerAdminController@update_painter_orders","web","","yes","app/Http/Controllers/Admin/VoyagerAdminController.php","474"
"GET","admin/users/{painter_id}/remove/{order_id}","remove_order_painter","App\Http\Controllers\Admin\VoyagerAdminController@remove_order_painter","App\Http\Controllers\Admin\VoyagerAdminController@remove_order_painter","web","","yes","app/Http/Controllers/Admin/VoyagerAdminController.php","438"
"GET","admin/printing/{printing_id}/remove/{order_id}","remove_order_printing","App\Http\Controllers\Admin\VoyagerAdminController@remove_order_printing","App\Http\Controllers\Admin\VoyagerAdminController@remove_order_printing","web","","yes","app/Http/Controllers/Admin/VoyagerAdminController.php","456"
"POST","admin/update_order_chat_ajax","update_order_chat_ajax","App\Http\Controllers\Admin\VoyagerAdminController@update_order_chat_ajax","App\Http\Controllers\Admin\VoyagerAdminController@update_order_chat_ajax","web","","yes","app/Http/Controllers/Admin/VoyagerAdminController.php","139"
"POST","admin/update_admin_chat_ajax","update_admin_chat_ajax","App\Http\Controllers\Admin\VoyagerAdminController@update_admin_chat_ajax","App\Http\Controllers\Admin\VoyagerAdminController@update_admin_chat_ajax","web","","yes","app/Http/Controllers/Admin/VoyagerAdminController.php","117"
"POST","admin/send_courier","send_courier","App\Http\Controllers\Admin\Api\VinepakApiController@send_courier","App\Http\Controllers\Admin\Api\VinepakApiController@send_courier","web","","yes","app/Http/Controllers/Admin/Api/VinepakApiController.php","254"
"POST","admin/create_label","create_label","App\Http\Controllers\Admin\Api\VinepakApiController@create_label","App\Http\Controllers\Admin\Api\VinepakApiController@create_label","web","","yes","app/Http/Controllers/Admin/Api/VinepakApiController.php","349"
"POST","admin/print_label","print_label","App\Http\Controllers\Admin\Api\VinepakApiController@print_label","App\Http\Controllers\Admin\Api\VinepakApiController@print_label","web","","yes","app/Http/Controllers/Admin/Api/VinepakApiController.php","726"
"GET","admin/create_admin_order","create_admin_order","App\Http\Controllers\Admin\OrdersController@create","App\Http\Controllers\Admin\OrdersController@create","web","","yes","app/Http/Controllers/Admin/OrdersController.php","48"
"GET","admin/user_filter","user_filter","App\Http\Controllers\Admin\OrdersController@user_filter","App\Http\Controllers\Admin\OrdersController@user_filter","web","","yes","app/Http/Controllers/Admin/OrdersController.php","1305"
"POST","admin/create_admin_order","create_admin_order_form","App\Http\Controllers\Admin\OrdersController@create_admin_order","App\Http\Controllers\Admin\OrdersController@create_admin_order","web","","yes","app/Http/Controllers/Admin/OrdersController.php","758"
"POST","admin/orders/{id}/update","update_admin_order","App\Http\Controllers\Admin\OrdersController@update_admin_order","App\Http\Controllers\Admin\OrdersController@update_admin_order","web","","yes","app/Http/Controllers/Admin/OrdersController.php","1044"
"POST","admin/orders/{order}/payment-requests","admin.order_payment_requests.store","App\Http\Controllers\Admin\OrderPaymentRequestController@store","App\Http\Controllers\Admin\OrderPaymentRequestController@store","web","","yes","app/Http/Controllers/Admin/OrderPaymentRequestController.php","19"
"GET","admin/orders/{id}/remove_painter_image/{img_id?}","remove_painter_image","\App\Http\Controllers\OrdersController@remove_painter_image","\App\Http\Controllers\OrdersController@remove_painter_image","web","","yes","app/Http/Controllers/OrdersController.php","1309"
"POST","admin/add_painter_images","add_painter_images","\App\Http\Controllers\OrdersController@add_painter_images","\App\Http\Controllers\OrdersController@add_painter_images","web","","yes","app/Http/Controllers/OrdersController.php","1221"
"POST","admin/update_order_item_price","update_order_item_price","App\Http\Controllers\Admin\OrdersController@update_order_item_price","App\Http\Controllers\Admin\OrdersController@update_order_item_price","web","","yes","app/Http/Controllers/Admin/OrdersController.php","924"
"POST","admin/add_order_item","add_order_item","\App\Http\Controllers\OrdersController@add_order_item","\App\Http\Controllers\OrdersController@add_order_item","web","","yes","app/Http/Controllers/OrdersController.php","2421"
"GET","admin/remove_user_image","remove_user_image","\App\Http\Controllers\OrdersController@remove_user_image","\App\Http\Controllers\OrdersController@remove_user_image","web","","yes","app/Http/Controllers/OrdersController.php","1399"
"GET","admin/user/{id}/set_sale/{sale}","give_user_sale","App\Http\Controllers\Admin\VoyagerAdminController@give_user_sale","App\Http\Controllers\Admin\VoyagerAdminController@give_user_sale","web","","yes","app/Http/Controllers/Admin/VoyagerAdminController.php","310"
"GET","admin/user/{id}/cancel_sale/{sale}","cancel_user_sale","App\Http\Controllers\Admin\VoyagerAdminController@cancel_user_sale","App\Http\Controllers\Admin\VoyagerAdminController@cancel_user_sale","web","","yes","app/Http/Controllers/Admin/VoyagerAdminController.php","350"
"GET|POST|PUT|PATCH|DELETE|OPTIONS","admin/user/{id}/set_sale30_40","set_sale30_40","App\Http\Controllers\Admin\VoyagerAdminController@set_sale30_40","App\Http\Controllers\Admin\VoyagerAdminController@set_sale30_40","web","","yes","app/Http/Controllers/Admin/VoyagerAdminController.php","399"
"GET","admin/user/{user_id}/leave_rev/{order_id}","","\App\Http\Controllers\OrdersController@leave_rev","\App\Http\Controllers\OrdersController@leave_rev","web","","yes","app/Http/Controllers/OrdersController.php","2287"
"GET","admin/user/{user_id}/leave_rev","","\App\Http\Controllers\OrdersController@leave_rev_no_orders","\App\Http\Controllers\OrdersController@leave_rev_no_orders","web","","yes","app/Http/Controllers/OrdersController.php","2302"
"POST","admin/upload_audio_rev","","App\Http\Controllers\Admin\VoyagerAdminController@upload_audio_rev","App\Http\Controllers\Admin\VoyagerAdminController@upload_audio_rev","web","","yes","app/Http/Controllers/Admin/VoyagerAdminController.php","214"
"GET","admin/cache/clear","","App\Http\Controllers\Admin\VoyagerAdminController@cache_clear","App\Http\Controllers\Admin\VoyagerAdminController@cache_clear","web","","yes","app/Http/Controllers/Admin/VoyagerAdminController.php","242"
"GET","admin/cache/set","","App\Http\Controllers\Admin\VoyagerAdminController@cache_set","App\Http\Controllers\Admin\VoyagerAdminController@cache_set","web","","yes","app/Http/Controllers/Admin/VoyagerAdminController.php","249"
"GET","admin/user_notify","","App\Http\Controllers\Admin\VoyagerAdminController@user_notify","App\Http\Controllers\Admin\VoyagerAdminController@user_notify","web","","yes","app/Http/Controllers/Admin/VoyagerAdminController.php","256"
"GET","admin/email-sender","","App\Http\Controllers\Admin\EmailSenderController@index","App\Http\Controllers\Admin\EmailSenderController@index","web","","yes","app/Http/Controllers/Admin/EmailSenderController.php","20"
"POST","admin/email-sender","mail.send","App\Http\Controllers\Admin\EmailSenderController@send","App\Http\Controllers\Admin\EmailSenderController@send","web","","yes","app/Http/Controllers/Admin/EmailSenderController.php","44"
"GET","admin/Coupon30_40","Coupon30_40","App\Http\Controllers\Admin\OrdersController@Coupon30_40","App\Http\Controllers\Admin\OrdersController@Coupon30_40","web","","yes","app/Http/Controllers/Admin/OrdersController.php","1322"
"GET","admin/facebook","facebookCoupon","App\Http\Controllers\Admin\OrdersController@facebookCoupon","App\Http\Controllers\Admin\OrdersController@facebookCoupon","web","","yes","app/Http/Controllers/Admin/OrdersController.php","1311"
"POST","admin/salefacebook","ajaxfacebook","App\Http\Controllers\Admin\OrdersController@ajaxfacebook","App\Http\Controllers\Admin\OrdersController@ajaxfacebook","web","","yes","app/Http/Controllers/Admin/OrdersController.php","1336"
"POST","admin/sale30_40","ajax30_40","App\Http\Controllers\Admin\OrdersController@ajax30_40","App\Http\Controllers\Admin\OrdersController@ajax30_40","web","","yes","app/Http/Controllers/Admin/OrdersController.php","1391"
"POST","admin/sa/bot-control","admin.sa.bot_control","App\Http\Controllers\Admin\AdminSaIntegrationController@botControl","App\Http\Controllers\Admin\AdminSaIntegrationController@botControl","web","","yes","app/Http/Controllers/Admin/AdminSaIntegrationController.php","240"
"POST","admin/sa/send-message","admin.sa.send_message","App\Http\Controllers\Admin\AdminSaIntegrationController@sendMessage","App\Http\Controllers\Admin\AdminSaIntegrationController@sendMessage","web","","yes","app/Http/Controllers/Admin/AdminSaIntegrationController.php","327"
"GET","admin/sa/messages","admin.sa.messages","App\Http\Controllers\Admin\AdminSaIntegrationController@getMessages","App\Http\Controllers\Admin\AdminSaIntegrationController@getMessages","web","","yes","app/Http/Controllers/Admin/AdminSaIntegrationController.php","382"
"GET","admin/sa-conversations","admin.sa.conversations.index","App\Http\Controllers\Admin\AdminSaIntegrationController@conversationsIndex","App\Http\Controllers\Admin\AdminSaIntegrationController@conversationsIndex","web","","yes","app/Http/Controllers/Admin/AdminSaIntegrationController.php","20"
"GET","admin/sa-conversations/unread-state","admin.sa.conversations.unread_state","App\Http\Controllers\Admin\AdminSaIntegrationController@conversationsUnreadState","App\Http\Controllers\Admin\AdminSaIntegrationController@conversationsUnreadState","web","","yes","app/Http/Controllers/Admin/AdminSaIntegrationController.php","42"
"GET","admin/sa-conversations/{conversation}","admin.sa.conversations.show","App\Http\Controllers\Admin\AdminSaIntegrationController@conversationShow","App\Http\Controllers\Admin\AdminSaIntegrationController@conversationShow","web","","yes","app/Http/Controllers/Admin/AdminSaIntegrationController.php","76"
"POST","admin/sa-conversations/{conversation}/send-message","admin.sa.conversations.send_message","App\Http\Controllers\Admin\AdminSaIntegrationController@conversationSendMessage","App\Http\Controllers\Admin\AdminSaIntegrationController@conversationSendMessage","web","","yes","app/Http/Controllers/Admin/AdminSaIntegrationController.php","109"
"POST","admin/sa-conversations/{conversation}/create-order","admin.sa.conversations.create_order","App\Http\Controllers\Admin\AdminSaIntegrationController@conversationCreateOrder","App\Http\Controllers\Admin\AdminSaIntegrationController@conversationCreateOrder","web","","yes","app/Http/Controllers/Admin/AdminSaIntegrationController.php","165"
"POST","admin/sa-conversations/{conversation}/bind-order","admin.sa.conversations.bind_order","App\Http\Controllers\Admin\AdminSaIntegrationController@conversationBindOrder","App\Http\Controllers\Admin\AdminSaIntegrationController@conversationBindOrder","web","","yes","app/Http/Controllers/Admin/AdminSaIntegrationController.php","209"
"GET","admin/sa-simulator","admin.sa.simulator","App\Http\Controllers\Admin\AdminSaIntegrationController@simulator","App\Http\Controllers\Admin\AdminSaIntegrationController@simulator","web","","yes","app/Http/Controllers/Admin/AdminSaIntegrationController.php","410"
"POST","admin/sa-simulator/trigger","admin.sa.simulator.trigger","App\Http\Controllers\Admin\AdminSaIntegrationController@simulatorTrigger","App\Http\Controllers\Admin\AdminSaIntegrationController@simulatorTrigger","web","","yes","app/Http/Controllers/Admin/AdminSaIntegrationController.php","430"
"GET","oil-portrait","oil_portrait.index","App\Http\Controllers\StaticPagesController@render_oil_portrait","App\Http\Controllers\StaticPagesController@render_oil_portrait","web|resetPlLocale|localize|localeSessionRedirect|localizationRedirect|lastModified","","yes","app/Http/Controllers/StaticPagesController.php","357"
"GET","storage/{path}","","Closure","","web","","yes","routes/web.php","48"
"GET","uploads/{path}","","Closure","","web","","yes","routes/web.php","74"
"GET","orders/{path}","","Closure","","web","","yes","routes/web.php","93"
"GET","auth/facebook/redirect","facebook_redirect","App\Http\Controllers\SocialController@facebook_redirect","App\Http\Controllers\SocialController@facebook_redirect","web","","yes","app/Http/Controllers/SocialController.php","95"
"GET","auth/facebook/callback","facebook_callback","App\Http\Controllers\SocialController@facebook_callback","App\Http\Controllers\SocialController@facebook_callback","web","","yes","app/Http/Controllers/SocialController.php","102"
"GET","auth/google/redirect","google_redirect","App\Http\Controllers\SocialController@google_redirect","App\Http\Controllers\SocialController@google_redirect","web","","yes","app/Http/Controllers/SocialController.php","162"
"GET","auth/google/callback","google_callback","App\Http\Controllers\SocialController@google_callback","App\Http\Controllers\SocialController@google_callback","web","","yes","app/Http/Controllers/SocialController.php","172"
"POST","admin/check-user","","App\Http\Controllers\AccountController@ajax_check_user","App\Http\Controllers\AccountController@ajax_check_user","web","","yes","app/Http/Controllers/AccountController.php","399"
"GET","robots.txt","main.robots.txt","App\Http\Controllers\RobotsController@mainRobots","App\Http\Controllers\RobotsController@mainRobots","web","","yes","app/Http/Controllers/RobotsController.php","41"
"GET","save_base64_image2","","App\Http\Controllers\BasketController@save_base64_image2","App\Http\Controllers\BasketController@save_base64_image2","web|resetPlLocale|localize|localeSessionRedirect|localizationRedirect|lastModified","","yes","app/Http/Controllers/BasketController.php","61"
"GET|POST|PUT|PATCH|DELETE|OPTIONS","image_gen_all","image_gen_all","App\Http\Controllers\Admin\ImageGenController@image_gen_all","App\Http\Controllers\Admin\ImageGenController@image_gen_all","web|resetPlLocale|localize|localeSessionRedirect|localizationRedirect|lastModified","","yes","app/Http/Controllers/Admin/ImageGenController.php","162"
"GET","mail/test","","App\Http\Controllers\MailController@index","App\Http\Controllers\MailController@index","web|resetPlLocale|localize|localeSessionRedirect|localizationRedirect|lastModified","","yes","app/Http/Controllers/MailController.php","17"
"GET","mail/gift_cart","","App\Http\Controllers\MailController@gift_cart","App\Http\Controllers\MailController@gift_cart","web|resetPlLocale|localize|localeSessionRedirect|localizationRedirect|lastModified","","yes","app/Http/Controllers/MailController.php","112"
"GET","mail/abandoned_cart","","App\Http\Controllers\MailController@abandoned_cart","App\Http\Controllers\MailController@abandoned_cart","web|resetPlLocale|localize|localeSessionRedirect|localizationRedirect|lastModified","","yes","app/Http/Controllers/MailController.php","76"
"GET","mail/abandoned_cart24","","App\Http\Controllers\MailController@abandoned_cart24","App\Http\Controllers\MailController@abandoned_cart24","web|resetPlLocale|localize|localeSessionRedirect|localizationRedirect|lastModified","","yes","app/Http/Controllers/MailController.php","46"
"GET","mail/order","","App\Http\Controllers\MailController@order","App\Http\Controllers\MailController@order","web|resetPlLocale|localize|localeSessionRedirect|localizationRedirect|lastModified","","yes","app/Http/Controllers/MailController.php","98"
"GET","mail/1","","Closure","","web|resetPlLocale|localize|localeSessionRedirect|localizationRedirect|lastModified","","yes","routes/web.php","149"
"GET","mail/2","","Closure","","web|resetPlLocale|localize|localeSessionRedirect|localizationRedirect|lastModified","","yes","routes/web.php","153"
"GET","mail/3","","Closure","","web|resetPlLocale|localize|localeSessionRedirect|localizationRedirect|lastModified","","yes","routes/web.php","157"
"GET","mail/4","","Closure","","web|resetPlLocale|localize|localeSessionRedirect|localizationRedirect|lastModified","","yes","routes/web.php","161"
"GET","mail/5","","Closure","","web|resetPlLocale|localize|localeSessionRedirect|localizationRedirect|lastModified","","yes","routes/web.php","165"
"GET","mail/6","","Closure","","web|resetPlLocale|localize|localeSessionRedirect|localizationRedirect|lastModified","","yes","routes/web.php","169"
"GET","mail/7","","Closure","","web|resetPlLocale|localize|localeSessionRedirect|localizationRedirect|lastModified","","yes","routes/web.php","173"
"GET","faq","faq","App\Http\Controllers\Pages\FaqController@index","App\Http\Controllers\Pages\FaqController@index","web|resetPlLocale|localize|localeSessionRedirect|localizationRedirect|lastModified","","yes","app/Http/Controllers/Pages/FaqController.php","21"
"GET","condition","condition","App\Http\Controllers\Pages\ConditionController@index","App\Http\Controllers\Pages\ConditionController@index","web|resetPlLocale|localize|localeSessionRedirect|localizationRedirect|lastModified","","yes","app/Http/Controllers/Pages/ConditionController.php","23"
"GET","simpsons","simpsons","App\Http\Controllers\Pages\SimpsonsController@index","App\Http\Controllers\Pages\SimpsonsController@index","web|resetPlLocale|localize|localeSessionRedirect|localizationRedirect|lastModified","","yes","app/Http/Controllers/Pages/SimpsonsController.php","45"
"GET","new/caricature","caricature","App\Http\Controllers\Pages\SharjController@index","App\Http\Controllers\Pages\SharjController@index","web|resetPlLocale|localize|localeSessionRedirect|localizationRedirect|lastModified","","yes","app/Http/Controllers/Pages/SharjController.php","46"
"GET","new/caricature/{pageslug}","sub_caricature","App\Http\Controllers\Pages\SharjController@index","App\Http\Controllers\Pages\SharjController@index","web|resetPlLocale|localize|localeSessionRedirect|localizationRedirect|lastModified","","yes","app/Http/Controllers/Pages/SharjController.php","46"
"GET","sizesprices","sizesprices","App\Http\Controllers\Pages\SizespricesController@index","App\Http\Controllers\Pages\SizespricesController@index","web|resetPlLocale|localize|localeSessionRedirect|localizationRedirect|lastModified","","yes","app/Http/Controllers/Pages/SizespricesController.php","25"
"GET","review","review","App\Http\Controllers\Pages\ReviewController@index","App\Http\Controllers\Pages\ReviewController@index","web|resetPlLocale|localize|localeSessionRedirect|localizationRedirect|lastModified","","yes","app/Http/Controllers/Pages/ReviewController.php","28"
"POST","review","review.store","App\Http\Controllers\Pages\ReviewController@store","App\Http\Controllers\Pages\ReviewController@store","web|resetPlLocale|localize|localeSessionRedirect|localizationRedirect|lastModified","","yes","app/Http/Controllers/Pages/ReviewController.php","122"
"GET","modular-generator","modular-generator","App\Http\Controllers\Pages\ModulegeneratorController@index","App\Http\Controllers\Pages\ModulegeneratorController@index","web|resetPlLocale|localize|localeSessionRedirect|localizationRedirect|lastModified","","yes","app/Http/Controllers/Pages/ModulegeneratorController.php","29"
"GET","paysera","paysera","App\Http\Controllers\Libwebtopay\PayseraController@index","App\Http\Controllers\Libwebtopay\PayseraController@index","web|resetPlLocale|localize|localeSessionRedirect|localizationRedirect|lastModified","","yes","app/Http/Controllers/Libwebtopay/PayseraController.php","28"
"GET","pay_accept","pay_accept","App\Http\Controllers\Libwebtopay\PayseraController@pay_accept","App\Http\Controllers\Libwebtopay\PayseraController@pay_accept","web|resetPlLocale|localize|localeSessionRedirect|localizationRedirect|lastModified","","yes","app/Http/Controllers/Libwebtopay/PayseraController.php","92"
"GET","pay_cancel","pay_cancel","App\Http\Controllers\Libwebtopay\PayseraController@pay_cancel","App\Http\Controllers\Libwebtopay\PayseraController@pay_cancel","web|resetPlLocale|localize|localeSessionRedirect|localizationRedirect|lastModified","","yes","app/Http/Controllers/Libwebtopay/PayseraController.php","149"
"GET","pay_callback","pay_callback","App\Http\Controllers\Libwebtopay\PayseraController@pay_callback","App\Http\Controllers\Libwebtopay\PayseraController@pay_callback","web|resetPlLocale|localize|localeSessionRedirect|localizationRedirect|lastModified","","yes","app/Http/Controllers/Libwebtopay/PayseraController.php","210"
"GET|POST|PUT|PATCH|DELETE|OPTIONS","paypal/pay_accept","paypal.onetime.pay_accept","App\Http\Controllers\Payment\PayPal\OneTimePayPalController@pay_accept","App\Http\Controllers\Payment\PayPal\OneTimePayPalController@pay_accept","web|resetPlLocale|localize|localeSessionRedirect|localizationRedirect|lastModified","","yes","app/Http/Controllers/Payment/PayPal/OneTimePayPalController.php","14"
"GET|POST|PUT|PATCH|DELETE|OPTIONS","paypal/pay_cancel","paypal.onetime.pay_cancel","App\Http\Controllers\Payment\PayPal\OneTimePayPalController@pay_cancel","App\Http\Controllers\Payment\PayPal\OneTimePayPalController@pay_cancel","web|resetPlLocale|localize|localeSessionRedirect|localizationRedirect|lastModified","","yes","app/Http/Controllers/Payment/PayPal/OneTimePayPalController.php","29"
"GET","payment-request/{token}","payment_request.show","App\Http\Controllers\Payment\OrderPaymentRequestController@show","App\Http\Controllers\Payment\OrderPaymentRequestController@show","web|resetPlLocale|localize|localeSessionRedirect|localizationRedirect|lastModified","","yes","app/Http/Controllers/Payment/OrderPaymentRequestController.php","28"
"POST","payment-request/{token}","payment_request.start","App\Http\Controllers\Payment\OrderPaymentRequestController@start","App\Http\Controllers\Payment\OrderPaymentRequestController@start","web|resetPlLocale|localize|localeSessionRedirect|localizationRedirect|lastModified","","yes","app/Http/Controllers/Payment/OrderPaymentRequestController.php","52"
"GET|POST|PUT|PATCH|DELETE|OPTIONS","payment-request/paysera/accept","payment_request.paysera.accept","App\Http\Controllers\Payment\OrderPaymentRequestController@payseraAccept","App\Http\Controllers\Payment\OrderPaymentRequestController@payseraAccept","web|resetPlLocale|localize|localeSessionRedirect|localizationRedirect|lastModified","","yes","app/Http/Controllers/Payment/OrderPaymentRequestController.php","71"
"GET|POST|PUT|PATCH|DELETE|OPTIONS","payment-request/paysera/cancel","payment_request.paysera.cancel","App\Http\Controllers\Payment\OrderPaymentRequestController@payseraCancel","App\Http\Controllers\Payment\OrderPaymentRequestController@payseraCancel","web|resetPlLocale|localize|localeSessionRedirect|localizationRedirect|lastModified","","yes","app/Http/Controllers/Payment/OrderPaymentRequestController.php","99"
"GET|POST|PUT|PATCH|DELETE|OPTIONS","payment-request/paysera/callback","payment_request.paysera.callback","App\Http\Controllers\Payment\OrderPaymentRequestController@payseraCallback","App\Http\Controllers\Payment\OrderPaymentRequestController@payseraCallback","web|resetPlLocale|localize|localeSessionRedirect|localizationRedirect|lastModified","","yes","app/Http/Controllers/Payment/OrderPaymentRequestController.php","111"
"GET|POST|PUT|PATCH|DELETE|OPTIONS","payment-request/paypal/pay_accept","payment_request.paypal.accept","App\Http\Controllers\Payment\OrderPaymentRequestController@paypalAccept","App\Http\Controllers\Payment\OrderPaymentRequestController@paypalAccept","web|resetPlLocale|localize|localeSessionRedirect|localizationRedirect|lastModified","","yes","app/Http/Controllers/Payment/OrderPaymentRequestController.php","135"
"GET|POST|PUT|PATCH|DELETE|OPTIONS","payment-request/paypal/pay_cancel","payment_request.paypal.cancel","App\Http\Controllers\Payment\OrderPaymentRequestController@paypalCancel","App\Http\Controllers\Payment\OrderPaymentRequestController@paypalCancel","web|resetPlLocale|localize|localeSessionRedirect|localizationRedirect|lastModified","","yes","app/Http/Controllers/Payment/OrderPaymentRequestController.php","148"
"GET","change_phones","change_phones","App\Http\Controllers\MyController@change_phones","App\Http\Controllers\MyController@change_phones","web|resetPlLocale|localize|localeSessionRedirect|localizationRedirect|lastModified","","yes","app/Http/Controllers/MyController.php","19"
"GET","change_delivery_phones","change_delivery_phones","App\Http\Controllers\MyController@change_delivery_phones","App\Http\Controllers\MyController@change_delivery_phones","web|resetPlLocale|localize|localeSessionRedirect|localizationRedirect|lastModified","","yes","app/Http/Controllers/MyController.php","33"
"POST","get_towns","get_towns","App\Http\Controllers\Admin\Api\VinepakApiController@get_towns","App\Http\Controllers\Admin\Api\VinepakApiController@get_towns","web|resetPlLocale|localize|localeSessionRedirect|localizationRedirect|lastModified","","yes","app/Http/Controllers/Admin/Api/VinepakApiController.php","50"
"POST","get_towns_for_admin","get_towns_for_admin","App\Http\Controllers\Admin\Api\VinepakApiController@get_towns_for_admin","App\Http\Controllers\Admin\Api\VinepakApiController@get_towns_for_admin","web|resetPlLocale|localize|localeSessionRedirect|localizationRedirect|lastModified","","yes","app/Http/Controllers/Admin/Api/VinepakApiController.php","143"
"GET","get_warehouse","get_warehouse","App\Http\Controllers\Admin\Api\VinepakApiController@get_warehouse","App\Http\Controllers\Admin\Api\VinepakApiController@get_warehouse","web|resetPlLocale|localize|localeSessionRedirect|localizationRedirect|lastModified","","yes","app/Http/Controllers/Admin/Api/VinepakApiController.php","199"
"POST","custom_login_ajax","custom_login_ajax","App\Http\Controllers\UserManageController@custom_login_ajax","App\Http\Controllers\UserManageController@custom_login_ajax","web|resetPlLocale|localize|localeSessionRedirect|localizationRedirect|lastModified","","yes","app/Http/Controllers/UserManageController.php","61"
"POST","custom_register_ajax","custom_register_ajax","App\Http\Controllers\UserManageController@custom_register_ajax","App\Http\Controllers\UserManageController@custom_register_ajax","web|resetPlLocale|localize|localeSessionRedirect|localizationRedirect|lastModified","","yes","app/Http/Controllers/UserManageController.php","38"
"POST","send_photo_portrait_form","send_photo_portrait_form","App\Http\Controllers\UserManageController@send_photo_portrait_form","App\Http\Controllers\UserManageController@send_photo_portrait_form","web|resetPlLocale|localize|localeSessionRedirect|localizationRedirect|lastModified","","yes","app/Http/Controllers/UserManageController.php","267"
"POST","send_photo_form","send_photo_form","App\Http\Controllers\UserManageController@send_photo_form","App\Http\Controllers\UserManageController@send_photo_form","web|resetPlLocale|localize|localeSessionRedirect|localizationRedirect|lastModified","","yes","app/Http/Controllers/UserManageController.php","408"
"GET","/","home","App\Http\Controllers\IndexController@hbrender","App\Http\Controllers\IndexController@hbrender","web|resetPlLocale|localize|localeSessionRedirect|localizationRedirect|lastModified","","yes","app/Http/Controllers/IndexController.php","96"
"GET","all_styles","all_styles","App\Http\Controllers\PageController@render_all_styles","App\Http\Controllers\PageController@render_all_styles","web|resetPlLocale|localize|localeSessionRedirect|localizationRedirect|lastModified","","yes","app/Http/Controllers/PageController.php","285"
"GET","photo_portrait","photo_portrait","App\Http\Controllers\PageController@photo_portrait","App\Http\Controllers\PageController@photo_portrait","web|resetPlLocale|localize|localeSessionRedirect|localizationRedirect|lastModified","","yes","app/Http/Controllers/PageController.php","304"
"POST","all_styles_form","send_all_styles_form","App\Http\Controllers\UserManageController@send_all_styles_form","App\Http\Controllers\UserManageController@send_all_styles_form","web|resetPlLocale|localize|localeSessionRedirect|localizationRedirect|lastModified","","yes","app/Http/Controllers/UserManageController.php","555"
"POST","user/send_photo_form","send_photo_form","App\Http\Controllers\UserManageController@send_photo_form","App\Http\Controllers\UserManageController@send_photo_form","web|resetPlLocale|localize|localeSessionRedirect|localizationRedirect|lastModified","","yes","app/Http/Controllers/UserManageController.php","408"
"GET","account","account.index","App\Http\Controllers\AccountController@render","App\Http\Controllers\AccountController@render","web|resetPlLocale|localize|localeSessionRedirect|localizationRedirect|lastModified|auth","","yes","app/Http/Controllers/AccountController.php","39"
"POST","update_painter_order_images","update_painter_order_images","App\Http\Controllers\AccountController@update_painter_order_images","App\Http\Controllers\AccountController@update_painter_order_images","web|resetPlLocale|localize|localeSessionRedirect|localizationRedirect|lastModified|auth","","yes","app/Http/Controllers/AccountController.php","84"
"POST","update_painter_sketch_order_images","update_painter_sketch_order_images","App\Http\Controllers\AccountController@update_painter_sketch_order_images","App\Http\Controllers\AccountController@update_painter_sketch_order_images","web|resetPlLocale|localize|localeSessionRedirect|localizationRedirect|lastModified|auth","","yes","app/Http/Controllers/AccountController.php","158"
"POST","update_painter_comment","update_painter_comment","App\Http\Controllers\AccountController@update_painter_comment","App\Http\Controllers\AccountController@update_painter_comment","web|resetPlLocale|localize|localeSessionRedirect|localizationRedirect|lastModified|auth","","yes","app/Http/Controllers/AccountController.php","232"
"POST","update_order_chat","update_order_chat","App\Http\Controllers\AccountController@update_order_chat","App\Http\Controllers\AccountController@update_order_chat","web|resetPlLocale|localize|localeSessionRedirect|localizationRedirect|lastModified|auth","","yes","app/Http/Controllers/AccountController.php","334"
"POST","send_client_painter_comments","send_client_painter_comments","App\Http\Controllers\AccountController@send_client_painter_comments","App\Http\Controllers\AccountController@send_client_painter_comments","web|resetPlLocale|localize|localeSessionRedirect|localizationRedirect|lastModified|auth","","yes","app/Http/Controllers/AccountController.php","266"
"POST","ajax_change_information","account.ajax_change_information","App\Http\Controllers\AccountController@ajax_change_information","App\Http\Controllers\AccountController@ajax_change_information","web|resetPlLocale|localize|localeSessionRedirect|localizationRedirect|lastModified|auth","","yes","app/Http/Controllers/AccountController.php","365"
"GET","new/account","new_account.index","App\Http\Controllers\Account\AccountController@index","App\Http\Controllers\Account\AccountController@index","web|resetPlLocale|localize|localeSessionRedirect|localizationRedirect|lastModified|auth","","yes","app/Http/Controllers/Account/AccountController.php","49"
"GET","new/orders","new_account.orders","App\Http\Controllers\Account\AccountController@orders","App\Http\Controllers\Account\AccountController@orders","web|resetPlLocale|localize|localeSessionRedirect|localizationRedirect|lastModified|auth","","yes","app/Http/Controllers/Account/AccountController.php","90"
"GET","new/mystocks","new_account.mystocks","App\Http\Controllers\Account\AccountController@mystocks","App\Http\Controllers\Account\AccountController@mystocks","web|resetPlLocale|localize|localeSessionRedirect|localizationRedirect|lastModified|auth","","yes","app/Http/Controllers/Account/AccountController.php","545"
"GET","new/settings","new_account.settings","App\Http\Controllers\Account\AccountController@settings","App\Http\Controllers\Account\AccountController@settings","web|resetPlLocale|localize|localeSessionRedirect|localizationRedirect|lastModified|auth","","yes","app/Http/Controllers/Account/AccountController.php","618"
"GET","new/unpaid","new_account.unpaid","App\Http\Controllers\Account\AccountController@unpaid","App\Http\Controllers\Account\AccountController@unpaid","web|resetPlLocale|localize|localeSessionRedirect|localizationRedirect|lastModified|auth","","yes","app/Http/Controllers/Account/AccountController.php","702"
"GET","new/paid","new_account.paid","App\Http\Controllers\Account\AccountController@paid","App\Http\Controllers\Account\AccountController@paid","web|resetPlLocale|localize|localeSessionRedirect|localizationRedirect|lastModified|auth","","yes","app/Http/Controllers/Account/AccountController.php","719"
"GET","new/orders-success","new_account.orders_success","App\Http\Controllers\Account\AccountController@orders_success","App\Http\Controllers\Account\AccountController@orders_success","web|resetPlLocale|localize|localeSessionRedirect|localizationRedirect|lastModified|auth","","yes","app/Http/Controllers/Account/AccountController.php","738"
"GET","new/orders/{order}/payment","new_account.order_payment","App\Http\Controllers\Account\AccountController@order_payment","App\Http\Controllers\Account\AccountController@order_payment","web|resetPlLocale|localize|localeSessionRedirect|localizationRedirect|lastModified|auth","","yes","app/Http/Controllers/Account/AccountController.php","329"
"POST","new/orders/{order}/payment","new_account.order_payment.start","App\Http\Controllers\Account\AccountController@start_order_payment","App\Http\Controllers\Account\AccountController@start_order_payment","web|resetPlLocale|localize|localeSessionRedirect|localizationRedirect|lastModified|auth","","yes","app/Http/Controllers/Account/AccountController.php","359"
"POST","new/ajax_change_information","new_account.ajax_change_information","App\Http\Controllers\Account\AccountController@ajax_change_information","App\Http\Controllers\Account\AccountController@ajax_change_information","web|resetPlLocale|localize|localeSessionRedirect|localizationRedirect|lastModified|auth","","yes","app/Http/Controllers/Account/AccountController.php","1381"
"POST","new/update_painter_order_images","new_update_painter_order_images","App\Http\Controllers\Account\AccountController@update_painter_order_images","App\Http\Controllers\Account\AccountController@update_painter_order_images","web|resetPlLocale|localize|localeSessionRedirect|localizationRedirect|lastModified|auth","","yes","app/Http/Controllers/Account/AccountController.php","923"
"POST","new/update_painter_sketch_order_images","new_update_painter_sketch_order_images","App\Http\Controllers\Account\AccountController@update_painter_sketch_order_images","App\Http\Controllers\Account\AccountController@update_painter_sketch_order_images","web|resetPlLocale|localize|localeSessionRedirect|localizationRedirect|lastModified|auth","","yes","app/Http/Controllers/Account/AccountController.php","997"
"POST","new/update_order_chat","new_update_order_chat","App\Http\Controllers\Account\AccountController@update_order_chat","App\Http\Controllers\Account\AccountController@update_order_chat","web|resetPlLocale|localize|localeSessionRedirect|localizationRedirect|lastModified|auth","","yes","app/Http/Controllers/Account/AccountController.php","1298"
"POST","new/new_send_client_painter_comments","new_send_client_painter_comments","App\Http\Controllers\Account\AccountController@send_client_painter_comments","App\Http\Controllers\Account\AccountController@send_client_painter_comments","web|resetPlLocale|localize|localeSessionRedirect|localizationRedirect|lastModified|auth","","yes","app/Http/Controllers/Account/AccountController.php","1105"
"POST","new/new_send_admin_to_client_painter_comments","new_send_admin_to_client_painter_comments","App\Http\Controllers\Account\AccountController@send_admin_to_client_painter_comments","App\Http\Controllers\Account\AccountController@send_admin_to_client_painter_comments","web|resetPlLocale|localize|localeSessionRedirect|localizationRedirect|lastModified|auth","","yes","app/Http/Controllers/Account/AccountController.php","1201"
"POST","new/message_read","new_message_read","App\Http\Controllers\Account\AccountController@message_read","App\Http\Controllers\Account\AccountController@message_read","web|resetPlLocale|localize|localeSessionRedirect|localizationRedirect|lastModified|auth","","yes","app/Http/Controllers/Account/AccountController.php","1343"
"POST","new/admin_to_client_message_read","admin_to_client_message_read","App\Http\Controllers\Account\AccountController@admin_to_client_message_read","App\Http\Controllers\Account\AccountController@admin_to_client_message_read","web|resetPlLocale|localize|localeSessionRedirect|localizationRedirect|lastModified|auth","","yes","app/Http/Controllers/Account/AccountController.php","1357"
"POST","new/admin_message_read","new_admin_message_read","App\Http\Controllers\Account\AccountController@admin_message_read","App\Http\Controllers\Account\AccountController@admin_message_read","web|resetPlLocale|localize|localeSessionRedirect|localizationRedirect|lastModified|auth","","yes","app/Http/Controllers/Account/AccountController.php","1367"
"GET","new/set_all_painter_images","set_all_painter_images","App\Http\Controllers\Account\AccountController@set_all_painter_images","App\Http\Controllers\Account\AccountController@set_all_painter_images","web|resetPlLocale|localize|localeSessionRedirect|localizationRedirect|lastModified|auth","","yes","app/Http/Controllers/Account/AccountController.php","807"
"POST","new/changeOrderPainterImageStatus","changeOrderPainterImageStatus","App\Http\Controllers\Account\AccountController@changeOrderPainterImageStatus","App\Http\Controllers\Account\AccountController@changeOrderPainterImageStatus","web|resetPlLocale|localize|localeSessionRedirect|localizationRedirect|lastModified|auth","","yes","app/Http/Controllers/Account/AccountController.php","664"
"GET","user/{user_id}/approve_checkout/{order_id}","","App\Http\Controllers\OrdersController@approve_user_checkout","App\Http\Controllers\OrdersController@approve_user_checkout","web|resetPlLocale|localize|localeSessionRedirect|localizationRedirect|lastModified","","yes","app/Http/Controllers/OrdersController.php","2317"
"GET","generate_checkout/{order_id}","generate_checkout","App\Http\Controllers\OrdersController@generate_checkout","App\Http\Controllers\OrdersController@generate_checkout","web|resetPlLocale|localize|localeSessionRedirect|localizationRedirect|lastModified","","yes","app/Http/Controllers/OrdersController.php","2803"
"GET","user/send_review","send_rev","App\Http\Controllers\Pages\ReviewController@index","App\Http\Controllers\Pages\ReviewController@index","web|resetPlLocale|localize|localeSessionRedirect|localizationRedirect|lastModified","","yes","app/Http/Controllers/Pages/ReviewController.php","28"
"GET","user/{id}/unsubscribe","","App\Http\Controllers\UserManageController@unsubscribe","App\Http\Controllers\UserManageController@unsubscribe","web|resetPlLocale|localize|localeSessionRedirect|localizationRedirect|lastModified","","yes","app/Http/Controllers/UserManageController.php","927"
"POST","user_send_rev/{locale}","user_send_rev","App\Http\Controllers\UserManageController@user_send_rev","App\Http\Controllers\UserManageController@user_send_rev","web|resetPlLocale|localize|localeSessionRedirect|localizationRedirect|lastModified","","yes","app/Http/Controllers/UserManageController.php","104"
"POST","user/forget_email","forget_email_reset","App\Http\Controllers\UserManageController@reset_password","App\Http\Controllers\UserManageController@reset_password","web|resetPlLocale|localize|localeSessionRedirect|localizationRedirect|lastModified","","yes","app/Http/Controllers/UserManageController.php","81"
"POST","user/send_screen","send_screen","App\Http\Controllers\UserManageController@send_screen","App\Http\Controllers\UserManageController@send_screen","web|resetPlLocale|localize|localeSessionRedirect|localizationRedirect|lastModified","","yes","app/Http/Controllers/UserManageController.php","161"
"POST","user/send_dates","send_dates","App\Http\Controllers\UserManageController@send_dates","App\Http\Controllers\UserManageController@send_dates","web|resetPlLocale|localize|localeSessionRedirect|localizationRedirect|lastModified","","yes","app/Http/Controllers/UserManageController.php","732"
"POST","user/send_free_image","user_free_img","App\Http\Controllers\UserManageController@send_free_image","App\Http\Controllers\UserManageController@send_free_image","web|resetPlLocale|localize|localeSessionRedirect|localizationRedirect|lastModified","","yes","app/Http/Controllers/UserManageController.php","845"
"GET","page/contacts","contacts","App\Http\Controllers\PageController@hb_render_contacts","App\Http\Controllers\PageController@hb_render_contacts","web|resetPlLocale|localize|localeSessionRedirect|localizationRedirect|lastModified","","yes","app/Http/Controllers/PageController.php","172"
"GET","page/partnership","","App\Http\Controllers\PageController@render_partnership","App\Http\Controllers\PageController@render_partnership","web|resetPlLocale|localize|localeSessionRedirect|localizationRedirect|lastModified","","yes","app/Http/Controllers/PageController.php","192"
"GET","page/delivery","delivery_page","App\Http\Controllers\PageController@render_delivery","App\Http\Controllers\PageController@render_delivery","web|resetPlLocale|localize|localeSessionRedirect|localizationRedirect|lastModified","","yes","app/Http/Controllers/PageController.php","199"
"GET","page/{page}","","App\Http\Controllers\PageController@render","App\Http\Controllers\PageController@render","web|resetPlLocale|localize|localeSessionRedirect|localizationRedirect|lastModified","","yes","app/Http/Controllers/PageController.php","319"
"GET","set_sizes","","App\Http\Controllers\GalleryController@hb_set_sizes","App\Http\Controllers\GalleryController@hb_set_sizes","web|resetPlLocale|localize|localeSessionRedirect|localizationRedirect|lastModified","","yes","app/Http/Controllers/GalleryController.php","164"
"GET","set_genre","","App\Http\Controllers\GalleryController@hb_set_genre","App\Http\Controllers\GalleryController@hb_set_genre","web|resetPlLocale|localize|localeSessionRedirect|localizationRedirect|lastModified","","yes","app/Http/Controllers/GalleryController.php","231"
"GET","set_style","","App\Http\Controllers\GalleryController@hb_set_style","App\Http\Controllers\GalleryController@hb_set_style","web|resetPlLocale|localize|localeSessionRedirect|localizationRedirect|lastModified","","yes","app/Http/Controllers/GalleryController.php","271"
"GET","get/ram_search","hb.gallery.ram_search","App\Http\Controllers\GalleryController@ram_search","App\Http\Controllers\GalleryController@ram_search","web|resetPlLocale|localize|localeSessionRedirect|localizationRedirect|lastModified","","yes","app/Http/Controllers/GalleryController.php","1172"
"POST","get/ram_search","hb.gallery.ram_search","App\Http\Controllers\GalleryController@ram_search","App\Http\Controllers\GalleryController@ram_search","web|resetPlLocale|localize|localeSessionRedirect|localizationRedirect|lastModified","","yes","app/Http/Controllers/GalleryController.php","1172"
"GET","gallery/painters","hb.gallery.painters","App\Http\Controllers\GalleryController@painters","App\Http\Controllers\GalleryController@painters","web|resetPlLocale|localize|localeSessionRedirect|localizationRedirect|lastModified","","yes","app/Http/Controllers/GalleryController.php","701"
"GET","gallery/painters/{letter}","hb.gallery.painters_letter","App\Http\Controllers\GalleryController@painters","App\Http\Controllers\GalleryController@painters","web|resetPlLocale|localize|localeSessionRedirect|localizationRedirect|lastModified","","yes","app/Http/Controllers/GalleryController.php","701"
"GET","gallery/paintings-top","hb.gallery.paintings_top","App\Http\Controllers\GalleryController@paintings_top","App\Http\Controllers\GalleryController@paintings_top","web|resetPlLocale|localize|localeSessionRedirect|localizationRedirect|lastModified","","yes","app/Http/Controllers/GalleryController.php","783"
"GET","gallery/modern_handmade_paintings","hb.gallery.modern_handmade_paintings","App\Http\Controllers\GalleryController@modern_handmade_paintings","App\Http\Controllers\GalleryController@modern_handmade_paintings","web|resetPlLocale|localize|localeSessionRedirect|localizationRedirect|lastModified","","yes","app/Http/Controllers/GalleryController.php","646"
"GET","gallery/modern_painters","hb.gallery.modern_painters","App\Http\Controllers\GalleryController@modern_painters","App\Http\Controllers\GalleryController@modern_painters","web|resetPlLocale|localize|localeSessionRedirect|localizationRedirect|lastModified","","yes","app/Http/Controllers/GalleryController.php","664"
"GET","gallery/age","hb.gallery.list_age","App\Http\Controllers\GalleryController@list_age","App\Http\Controllers\GalleryController@list_age","web|resetPlLocale|localize|localeSessionRedirect|localizationRedirect|lastModified","","yes","app/Http/Controllers/GalleryController.php","830"
"GET","gallery/age/{alias}","hb.gallery.age","App\Http\Controllers\GalleryController@age","App\Http\Controllers\GalleryController@age","web|resetPlLocale|localize|localeSessionRedirect|localizationRedirect|lastModified","","yes","app/Http/Controllers/GalleryController.php","818"
"GET","gallery/nationality","hb.gallery.list_nationality","App\Http\Controllers\GalleryController@list_nationality","App\Http\Controllers\GalleryController@list_nationality","web|resetPlLocale|localize|localeSessionRedirect|localizationRedirect|lastModified","","yes","app/Http/Controllers/GalleryController.php","848"
"GET","gallery/nationality/{alias}","hb.gallery.nationality","App\Http\Controllers\GalleryController@nationality","App\Http\Controllers\GalleryController@nationality","web|resetPlLocale|localize|localeSessionRedirect|localizationRedirect|lastModified","","yes","app/Http/Controllers/GalleryController.php","836"
"GET","gallery/style","hb.gallery.list_styles","App\Http\Controllers\GalleryController@list_styles","App\Http\Controllers\GalleryController@list_styles","web|resetPlLocale|localize|localeSessionRedirect|localizationRedirect|lastModified","","yes","app/Http/Controllers/GalleryController.php","866"
"GET","gallery/style/{alias}","hb.gallery.style","App\Http\Controllers\GalleryController@style","App\Http\Controllers\GalleryController@style","web|resetPlLocale|localize|localeSessionRedirect|localizationRedirect|lastModified","","yes","app/Http/Controllers/GalleryController.php","854"
"GET","gallery/genre","hb.gallery.list_genre","App\Http\Controllers\GalleryController@list_genre","App\Http\Controllers\GalleryController@list_genre","web|resetPlLocale|localize|localeSessionRedirect|localizationRedirect|lastModified","","yes","app/Http/Controllers/GalleryController.php","884"
"GET","gallery/genre/{alias}","hb.gallery.genre","App\Http\Controllers\GalleryController@genre","App\Http\Controllers\GalleryController@genre","web|resetPlLocale|localize|localeSessionRedirect|localizationRedirect|lastModified","","yes","app/Http/Controllers/GalleryController.php","872"
"GET","new/gallery","hb.gallery.index","App\Http\Controllers\GalleryController@hb_render","App\Http\Controllers\GalleryController@hb_render","web|resetPlLocale|localize|localeSessionRedirect|localizationRedirect|lastModified","","yes","app/Http/Controllers/GalleryController.php","72"
"GET","new/gallery/{type}","hb.gallery.module","App\Http\Controllers\GalleryController@hb_type_render","App\Http\Controllers\GalleryController@hb_type_render","web|resetPlLocale|localize|localeSessionRedirect|localizationRedirect|lastModified","","yes","app/Http/Controllers/GalleryController.php","327"
"GET","new/gallery/{type}/{category}","hb.gallery.category","App\Http\Controllers\GalleryController@hb_type_render","App\Http\Controllers\GalleryController@hb_type_render","web|resetPlLocale|localize|localeSessionRedirect|localizationRedirect|lastModified","","yes","app/Http/Controllers/GalleryController.php","327"
"GET","gallery/{type}/item/{item}","hb.gallery.item.single","App\Http\Controllers\GalleryController@hb_item_render","App\Http\Controllers\GalleryController@hb_item_render","web|resetPlLocale|localize|localeSessionRedirect|localizationRedirect|lastModified","","yes","app/Http/Controllers/GalleryController.php","1269"
"GET","gallery","gallery.index","App\Http\Controllers\GalleryController@render","App\Http\Controllers\GalleryController@render","web|resetPlLocale|localize|localeSessionRedirect|localizationRedirect|lastModified","","yes","app/Http/Controllers/GalleryController.php","1708"
"GET","gallery/{type}","gallery_module","App\Http\Controllers\GalleryController@type_render","App\Http\Controllers\GalleryController@type_render","web|resetPlLocale|localize|localeSessionRedirect|localizationRedirect|lastModified","","yes","app/Http/Controllers/GalleryController.php","1717"
"GET","gallery/{type}/{category}","gallery.category","App\Http\Controllers\GalleryController@category_render","App\Http\Controllers\GalleryController@category_render","web|resetPlLocale|localize|localeSessionRedirect|localizationRedirect|lastModified","","yes","app/Http/Controllers/GalleryController.php","1807"
"GET","gallery/{type}/{category}/item/{item}","gallery_item_single","App\Http\Controllers\GalleryController@item_render","App\Http\Controllers\GalleryController@item_render","web|resetPlLocale|localize|localeSessionRedirect|localizationRedirect|lastModified","","yes","app/Http/Controllers/GalleryController.php","1883"
"GET","google-ads.xml","google.ads","App\Http\Controllers\AdvertisingController@google","App\Http\Controllers\AdvertisingController@google","web|resetPlLocale|localize|localeSessionRedirect|localizationRedirect|lastModified","","yes","app/Http/Controllers/AdvertisingController.php","67"
"GET","kurpirkt.xml","kurpirkt","App\Http\Controllers\AdvertisingController@kurpirkt","App\Http\Controllers\AdvertisingController@kurpirkt","web|resetPlLocale|localize|localeSessionRedirect|localizationRedirect|lastModified","","yes","app/Http/Controllers/AdvertisingController.php","115"
"GET","salidzini.xml","kurpirkt","App\Http\Controllers\AdvertisingController@salidzini","App\Http\Controllers\AdvertisingController@salidzini","web|resetPlLocale|localize|localeSessionRedirect|localizationRedirect|lastModified","","yes","app/Http/Controllers/AdvertisingController.php","138"
"GET","lv-google-ads.xml","google.ads.lv","App\Http\Controllers\AdvertisingController@google_lv","App\Http\Controllers\AdvertisingController@google_lv","web|resetPlLocale|localize|localeSessionRedirect|localizationRedirect|lastModified","","yes","app/Http/Controllers/AdvertisingController.php","92"
"GET","lt-google-ads.xml","google.ads.lt","App\Http\Controllers\AdvertisingController@google_lt","App\Http\Controllers\AdvertisingController@google_lt","web|resetPlLocale|localize|localeSessionRedirect|localizationRedirect|lastModified","","yes","app/Http/Controllers/AdvertisingController.php","161"
"GET","ee-google-ads.xml","google.ads.ee","App\Http\Controllers\AdvertisingController@google_ee","App\Http\Controllers\AdvertisingController@google_ee","web|resetPlLocale|localize|localeSessionRedirect|localizationRedirect|lastModified","","yes","app/Http/Controllers/AdvertisingController.php","184"
"GET","translate_item","translate_item","App\Http\Controllers\AdvertisingController@translate_item","App\Http\Controllers\AdvertisingController@translate_item","web|resetPlLocale|localize|localeSessionRedirect|localizationRedirect|lastModified","","yes","app/Http/Controllers/AdvertisingController.php","207"
"GET","sitemap_products.xml","sitemap_products","App\Http\Controllers\AdvertisingController@sitemap_products","App\Http\Controllers\AdvertisingController@sitemap_products","web|resetPlLocale|localize|localeSessionRedirect|localizationRedirect|lastModified","","yes","app/Http/Controllers/AdvertisingController.php","42"
"GET","set_meta","set_meta","App\Http\Controllers\AdvertisingController@set_meta","App\Http\Controllers\AdvertisingController@set_meta","web|resetPlLocale|localize|localeSessionRedirect|localizationRedirect|lastModified","","yes","app/Http/Controllers/AdvertisingController.php","228"
"POST","get_cart","get_cart","App\Http\Controllers\BasketController@get_cart","App\Http\Controllers\BasketController@get_cart","web|resetPlLocale|localize|localeSessionRedirect|localizationRedirect|lastModified|preventBackHistory","","yes","app/Http/Controllers/BasketController.php","644"
"POST","cart/delimage","delimage","App\Http\Controllers\BasketController@delimage","App\Http\Controllers\BasketController@delimage","web|resetPlLocale|localize|localeSessionRedirect|localizationRedirect|lastModified|preventBackHistory","","yes","app/Http/Controllers/BasketController.php","72"
"POST","cart/updateimg","updateimg","App\Http\Controllers\BasketController@updateimg","App\Http\Controllers\BasketController@updateimg","web|resetPlLocale|localize|localeSessionRedirect|localizationRedirect|lastModified|preventBackHistory","","yes","app/Http/Controllers/BasketController.php","198"
"POST","cart/setmaking","setmaking","App\Http\Controllers\BasketController@setmaking","App\Http\Controllers\BasketController@setmaking","web|resetPlLocale|localize|localeSessionRedirect|localizationRedirect|lastModified|preventBackHistory","","yes","app/Http/Controllers/BasketController.php","255"
"POST","cart/setcoupon","setcoupon","App\Http\Controllers\BasketController@setcoupon","App\Http\Controllers\BasketController@setcoupon","web|resetPlLocale|localize|localeSessionRedirect|localizationRedirect|lastModified|preventBackHistory","","yes","app/Http/Controllers/BasketController.php","308"
"POST","cart/setdelivery","setdelivery","App\Http\Controllers\BasketController@setdelivery","App\Http\Controllers\BasketController@setdelivery","web|resetPlLocale|localize|localeSessionRedirect|localizationRedirect|lastModified|preventBackHistory","","yes","app/Http/Controllers/BasketController.php","321"
"POST","cart/setuser","setuser","App\Http\Controllers\BasketController@setuser","App\Http\Controllers\BasketController@setuser","web|resetPlLocale|localize|localeSessionRedirect|localizationRedirect|lastModified|preventBackHistory","","yes","app/Http/Controllers/BasketController.php","496"
"POST","cart/setpay","setpay","App\Http\Controllers\BasketController@setpay","App\Http\Controllers\BasketController@setpay","web|resetPlLocale|localize|localeSessionRedirect|localizationRedirect|lastModified|preventBackHistory","","yes","app/Http/Controllers/BasketController.php","624"
"GET","save_order_and_pay","save_order_and_pay","App\Http\Controllers\OrdersController@save_order_and_pay","App\Http\Controllers\OrdersController@save_order_and_pay","web|resetPlLocale|localize|localeSessionRedirect|localizationRedirect|lastModified","","yes","app/Http/Controllers/OrdersController.php","1901"
"GET","cart/clear_coupon","clearcart","App\Http\Controllers\BasketController@clearcart","App\Http\Controllers\BasketController@clearcart","web|resetPlLocale|localize|localeSessionRedirect|localizationRedirect|lastModified|preventBackHistory","","yes","app/Http/Controllers/BasketController.php","177"
"GET","cart","cart.index","App\Http\Controllers\BasketController@cart","App\Http\Controllers\BasketController@cart","web|resetPlLocale|localize|localeSessionRedirect|localizationRedirect|lastModified|preventBackHistory","","yes","app/Http/Controllers/BasketController.php","844"
"GET","cart/data","cart.step2","App\Http\Controllers\BasketController@cart_step2","App\Http\Controllers\BasketController@cart_step2","web|resetPlLocale|localize|localeSessionRedirect|localizationRedirect|lastModified|preventBackHistory","","yes","app/Http/Controllers/BasketController.php","917"
"GET","cart/delivery","cart.step3","App\Http\Controllers\BasketController@cart_step3","App\Http\Controllers\BasketController@cart_step3","web|resetPlLocale|localize|localeSessionRedirect|localizationRedirect|lastModified|preventBackHistory","","yes","app/Http/Controllers/BasketController.php","1018"
"GET","cart/payment","cart.step4","App\Http\Controllers\BasketController@cart_step4","App\Http\Controllers\BasketController@cart_step4","web|resetPlLocale|localize|localeSessionRedirect|localizationRedirect|lastModified|preventBackHistory","","yes","app/Http/Controllers/BasketController.php","1095"
"POST","cart/replace-size","cart.replace.size","App\Http\Controllers\BasketController@replaceItemSize","App\Http\Controllers\BasketController@replaceItemSize","web|resetPlLocale|localize|localeSessionRedirect|localizationRedirect|lastModified|preventBackHistory","","yes","app/Http/Controllers/BasketController.php","1511"
"POST","cart/add-recommended","cart.add.recommended","App\Http\Controllers\BasketController@addRecommendedItem","App\Http\Controllers\BasketController@addRecommendedItem","web|resetPlLocale|localize|localeSessionRedirect|localizationRedirect|lastModified|preventBackHistory","","yes","app/Http/Controllers/BasketController.php","1607"
"GET","basket","basket.index","App\Http\Controllers\BasketController@render","App\Http\Controllers\BasketController@render","web|resetPlLocale|localize|localeSessionRedirect|localizationRedirect|lastModified|preventBackHistory","","yes","app/Http/Controllers/BasketController.php","1212"
"GET","basket/thanks","basket.thanks","App\Http\Controllers\BasketController@renderThanksPage","App\Http\Controllers\BasketController@renderThanksPage","web|resetPlLocale|localize|localeSessionRedirect|localizationRedirect|lastModified|preventBackHistory","","yes","app/Http/Controllers/BasketController.php","1248"
"GET","cart/recover/{redirect}/{token}","cart.recover","App\Http\Controllers\AbandonedCartController@processRecovery","App\Http\Controllers\AbandonedCartController@processRecovery","web|resetPlLocale|localize|localeSessionRedirect|localizationRedirect|lastModified","","yes","app/Http/Controllers/AbandonedCartController.php","16"
"POST","cart/set_email","cart.set-email","App\Http\Controllers\AbandonedCartController@setEmail","App\Http\Controllers\AbandonedCartController@setEmail","web|resetPlLocale|localize|localeSessionRedirect|localizationRedirect|lastModified","","yes","app/Http/Controllers/AbandonedCartController.php","49"
"POST","basket/add","add_item_to_basket","App\Http\Controllers\BasketController@addToBasket","App\Http\Controllers\BasketController@addToBasket","web|resetPlLocale|localize|localeSessionRedirect|localizationRedirect|lastModified","","yes","app/Http/Controllers/BasketController.php","1398"
"POST","basket/update/count","update_count","App\Http\Controllers\BasketController@updateCount","App\Http\Controllers\BasketController@updateCount","web|resetPlLocale|localize|localeSessionRedirect|localizationRedirect|lastModified","","yes","app/Http/Controllers/BasketController.php","1474"
"GET|POST|PUT|PATCH|DELETE|OPTIONS","basket/coupon_use","coupon_use","App\Http\Controllers\BasketController@coupon_use","App\Http\Controllers\BasketController@coupon_use","web|resetPlLocale|localize|localeSessionRedirect|localizationRedirect|lastModified","","yes","app/Http/Controllers/BasketController.php","114"
"POST","basket/add/portrait","add_item_to_basket_portrait","App\Http\Controllers\BasketController@addToBasketPortrait","App\Http\Controllers\BasketController@addToBasketPortrait","web|resetPlLocale|localize|localeSessionRedirect|localizationRedirect|lastModified","","yes","app/Http/Controllers/BasketController.php","2194"
"POST","basket/add/inter","add_item_to_basket_inter","App\Http\Controllers\BasketController@addToBasketInterier","App\Http\Controllers\BasketController@addToBasketInterier","web|resetPlLocale|localize|localeSessionRedirect|localizationRedirect|lastModified","","yes","app/Http/Controllers/BasketController.php","1837"
"POST","basket/add/module","add_item_to_basket_module","App\Http\Controllers\BasketController@addToBasketModule","App\Http\Controllers\BasketController@addToBasketModule","web|resetPlLocale|localize|localeSessionRedirect|localizationRedirect|lastModified","","yes","app/Http/Controllers/BasketController.php","1938"
"POST","basket/add/construct","add_item_to_basket_construct","App\Http\Controllers\BasketController@addToBasketConstruct","App\Http\Controllers\BasketController@addToBasketConstruct","web|resetPlLocale|localize|localeSessionRedirect|localizationRedirect|lastModified","","yes","app/Http/Controllers/BasketController.php","2021"
"POST","basket/add/future_art","add_future_art","App\Http\Controllers\BasketController@addToBasketArt","App\Http\Controllers\BasketController@addToBasketArt","web|resetPlLocale|localize|localeSessionRedirect|localizationRedirect|lastModified","","yes","app/Http/Controllers/BasketController.php","1750"
"POST","basket/add/recommended","basket.add_recommended","App\Http\Controllers\BasketController@addRecommendedToBasket","App\Http\Controllers\BasketController@addRecommendedToBasket","web|resetPlLocale|localize|localeSessionRedirect|localizationRedirect|lastModified","","yes","app/Http/Controllers/BasketController.php","2456"
"POST","basket/add-canvas-recommendation","basket.add_canvas_recommendation","App\Http\Controllers\BasketController@addCanvasRecommendation","App\Http\Controllers\BasketController@addCanvasRecommendation","web|resetPlLocale|localize|localeSessionRedirect|localizationRedirect|lastModified","","yes","app/Http/Controllers/BasketController.php","2547"
"POST","basket/remove","remove_item_from_basket","App\Http\Controllers\BasketController@removeFromBasket","App\Http\Controllers\BasketController@removeFromBasket","web|resetPlLocale|localize|localeSessionRedirect|localizationRedirect|lastModified","","yes","app/Http/Controllers/BasketController.php","1433"
"POST","basket/submitbonuses","submit_bonuses","App\Http\Controllers\BasketController@submitBonuses","App\Http\Controllers\BasketController@submitBonuses","web|resetPlLocale|localize|localeSessionRedirect|localizationRedirect|lastModified","","yes","app/Http/Controllers/BasketController.php","102"
"GET","basket/submitbonuses","submit_bonuses","App\Http\Controllers\BasketController@submitBonuses","App\Http\Controllers\BasketController@submitBonuses","web|resetPlLocale|localize|localeSessionRedirect|localizationRedirect|lastModified","","yes","app/Http/Controllers/BasketController.php","102"
"GET|POST|PUT|PATCH|DELETE|OPTIONS","basket/send_gift_card","send_gift_card","App\Http\Controllers\BasketController@send_gift_card","App\Http\Controllers\BasketController@send_gift_card","web|resetPlLocale|localize|localeSessionRedirect|localizationRedirect|lastModified","","yes","app/Http/Controllers/BasketController.php","2384"
"POST","basket/update_prices","update_prices","App\Http\Controllers\BasketController@update_prices","App\Http\Controllers\BasketController@update_prices","web|resetPlLocale|localize|localeSessionRedirect|localizationRedirect|lastModified","","yes","app/Http/Controllers/BasketController.php","1243"
"GET","gift-card","gift_card","App\Http\Controllers\PageController@render_gift","App\Http\Controllers\PageController@render_gift","web|resetPlLocale|localize|localeSessionRedirect|localizationRedirect|lastModified","","yes","app/Http/Controllers/PageController.php","102"
"GET","new/gift-card","gift_card_new","App\Http\Controllers\PageController@render_gift_new","App\Http\Controllers\PageController@render_gift_new","web|resetPlLocale|localize|localeSessionRedirect|localizationRedirect|lastModified","","yes","app/Http/Controllers/PageController.php","110"
"GET","giftcard/preview","previewGiftCard","App\Http\Controllers\GiftcardController@previewGiftCard","App\Http\Controllers\GiftcardController@previewGiftCard","web|resetPlLocale|localize|localeSessionRedirect|localizationRedirect|lastModified","","yes","app/Http/Controllers/GiftcardController.php","13"
"GET|POST|PUT|PATCH|DELETE|OPTIONS","giftcard/pdf/{price}/{locale}","generateGiftCardPDF","App\Http\Controllers\GiftcardController@generateGiftCardPDF","App\Http\Controllers\GiftcardController@generateGiftCardPDF","web|resetPlLocale|localize|localeSessionRedirect|localizationRedirect|lastModified","","yes","app/Http/Controllers/GiftcardController.php","28"
"GET","about","about","App\Http\Controllers\PageController@hb_render_about","App\Http\Controllers\PageController@hb_render_about","web|resetPlLocale|localize|localeSessionRedirect|localizationRedirect|lastModified","","yes","app/Http/Controllers/PageController.php","146"
"GET","graphic-portrait","graphic_portrait.index","App\Http\Controllers\StaticPagesController@render_graphic_portrait","App\Http\Controllers\StaticPagesController@render_graphic_portrait","web|resetPlLocale|localize|localeSessionRedirect|localizationRedirect|lastModified","","yes","app/Http/Controllers/StaticPagesController.php","176"
"GET","thanks","thanks","App\Http\Controllers\StaticPagesController@thanks","App\Http\Controllers\StaticPagesController@thanks","web|resetPlLocale|localize|localeSessionRedirect|localizationRedirect|lastModified","","yes","app/Http/Controllers/StaticPagesController.php","719"
"GET","why_are_you_leaving_questions","why_are_you_leaving_questions","App\Http\Controllers\StaticPagesController@why_are_you_leaving_questions","App\Http\Controllers\StaticPagesController@why_are_you_leaving_questions","web|resetPlLocale|localize|localeSessionRedirect|localizationRedirect|lastModified","","yes","app/Http/Controllers/StaticPagesController.php","704"
"GET","graphic-portrait/{slug}","graphic_portrait.page","App\Http\Controllers\StaticPagesController@render_graphic_portrait_page","App\Http\Controllers\StaticPagesController@render_graphic_portrait_page","web|resetPlLocale|localize|localeSessionRedirect|localizationRedirect|lastModified","","yes","app/Http/Controllers/StaticPagesController.php","186"
"GET","graphic-portrait/{slug}/buy","graphic_portrait.buy","App\Http\Controllers\StaticPagesController@buy_portrait_page","App\Http\Controllers\StaticPagesController@buy_portrait_page","web|resetPlLocale|localize|localeSessionRedirect|localizationRedirect|lastModified","","yes","app/Http/Controllers/StaticPagesController.php","108"
"GET","stylization-paintings/{slug}","stylization_paintings.page","App\Http\Controllers\StaticPagesController@render_styl_painting_page","App\Http\Controllers\StaticPagesController@render_styl_painting_page","web|resetPlLocale|localize|localeSessionRedirect|localizationRedirect|lastModified","","yes","app/Http/Controllers/StaticPagesController.php","263"
"GET","stylization-paintings/{slug}/buy","styl_portrait.buy","App\Http\Controllers\StaticPagesController@buy_portrait_page","App\Http\Controllers\StaticPagesController@buy_portrait_page","web|resetPlLocale|localize|localeSessionRedirect|localizationRedirect|lastModified","","yes","app/Http/Controllers/StaticPagesController.php","108"
"GET","new/graphic-portrait/portrait-oil","graphic_portrait.oil","App\Http\Controllers\Pages\PagePortraitOilController@index","App\Http\Controllers\Pages\PagePortraitOilController@index","web|resetPlLocale|localize|localeSessionRedirect|localizationRedirect|lastModified","","yes","app/Http/Controllers/Pages/PagePortraitOilController.php","45"
"GET","new/graphic-portrait/portrait-historical","graphic_portrait.new_page--royal","App\Http\Controllers\Pages\PagePortraitRoyalController@index","App\Http\Controllers\Pages\PagePortraitRoyalController@index","web|resetPlLocale|localize|localeSessionRedirect|localizationRedirect|lastModified","","yes","app/Http/Controllers/Pages/PagePortraitRoyalController.php","44"
"GET","new/graphic-portrait/{slug}","graphic_portrait.new_page","App\Http\Controllers\PortraitPageController@hbindex","App\Http\Controllers\PortraitPageController@hbindex","web|resetPlLocale|localize|localeSessionRedirect|localizationRedirect|lastModified","","yes","app/Http/Controllers/PortraitPageController.php","95"
"GET","oil-portrait/buy","oil_portrait.buy","App\Http\Controllers\StaticPagesController@buy_oil_portrait_page","App\Http\Controllers\StaticPagesController@buy_oil_portrait_page","web|resetPlLocale|localize|localeSessionRedirect|localizationRedirect|lastModified","","yes","app/Http/Controllers/StaticPagesController.php","149"
"GET","stylization-paintings","stylization_paintings.index","App\Http\Controllers\StaticPagesController@render_stylization_paintings","App\Http\Controllers\StaticPagesController@render_stylization_paintings","web|resetPlLocale|localize|localeSessionRedirect|localizationRedirect|lastModified","","yes","app/Http/Controllers/StaticPagesController.php","346"
"GET","stocks","new_stocks","App\Http\Controllers\StaticPagesController@hb_render_stocks","App\Http\Controllers\StaticPagesController@hb_render_stocks","web|resetPlLocale|localize|localeSessionRedirect|localizationRedirect|lastModified","","yes","app/Http/Controllers/StaticPagesController.php","570"
"GET","new/stocks","stocks.index","App\Http\Controllers\StaticPagesController@render_stocks","App\Http\Controllers\StaticPagesController@render_stocks","web|resetPlLocale|localize|localeSessionRedirect|localizationRedirect|lastModified","","yes","app/Http/Controllers/StaticPagesController.php","414"
"GET","collage-constructor","collage_constructor.index","App\Http\Controllers\StaticPagesController@render_collage_constructor","App\Http\Controllers\StaticPagesController@render_collage_constructor","web|resetPlLocale|localize|localeSessionRedirect|localizationRedirect|lastModified","","yes","app/Http/Controllers/StaticPagesController.php","688"
"GET","collage-js","collage_js.index","App\Http\Controllers\PortraitPageController@collage_js","App\Http\Controllers\PortraitPageController@collage_js","web|resetPlLocale|localize|localeSessionRedirect|localizationRedirect|lastModified","","yes","app/Http/Controllers/PortraitPageController.php","815"
"GET","blog","blog","App\Http\Controllers\BlogController@blog","App\Http\Controllers\BlogController@blog","web|resetPlLocale|localize|localeSessionRedirect|localizationRedirect|lastModified","","yes","app/Http/Controllers/BlogController.php","51"
"GET","blog/category/all","blog_category_all","App\Http\Controllers\BlogController@blog_category_all","App\Http\Controllers\BlogController@blog_category_all","web|resetPlLocale|localize|localeSessionRedirect|localizationRedirect|lastModified","","yes","app/Http/Controllers/BlogController.php","146"
"GET","blog/category/{slug}","blog_category","App\Http\Controllers\BlogController@blog_category","App\Http\Controllers\BlogController@blog_category","web|resetPlLocale|localize|localeSessionRedirect|localizationRedirect|lastModified","","yes","app/Http/Controllers/BlogController.php","107"
"GET","blog_article/{slug}","blog_article","App\Http\Controllers\BlogController@blog_article","App\Http\Controllers\BlogController@blog_article","web|resetPlLocale|localize|localeSessionRedirect|localizationRedirect|lastModified","","yes","app/Http/Controllers/BlogController.php","175"
"GET","blog/{slug}","blog_inner","App\Http\Controllers\BlogController@blog_article","App\Http\Controllers\BlogController@blog_article","web|resetPlLocale|localize|localeSessionRedirect|localizationRedirect|lastModified","","yes","app/Http/Controllers/BlogController.php","175"
"GET","family-constructor","family_constructor","App\Http\Controllers\StaticPagesController@render_family","App\Http\Controllers\StaticPagesController@render_family","web|resetPlLocale|localize|localeSessionRedirect|localizationRedirect|lastModified","","yes","app/Http/Controllers/StaticPagesController.php","672"
"GET","sitemap","sitemap","App\Http\Controllers\PageController@generate_sitemap_html","App\Http\Controllers\PageController@generate_sitemap_html","web|resetPlLocale|localize|localeSessionRedirect|localizationRedirect|lastModified","","yes","app/Http/Controllers/PageController.php","369"
"GET","sitemap.xml","sitemap.main","App\Http\Controllers\SitemapController@sitemap","App\Http\Controllers\SitemapController@sitemap","web|resetPlLocale|localize|localeSessionRedirect|localizationRedirect|lastModified","","yes","app/Http/Controllers/SitemapController.php","46"
"GET","sitemap/sitemap.xml","sitemap.lang","App\Http\Controllers\SitemapController@sitemap_products","App\Http\Controllers\SitemapController@sitemap_products","web|resetPlLocale|localize|localeSessionRedirect|localizationRedirect|lastModified","","yes","app/Http/Controllers/SitemapController.php","70"
"GET","sitemap/sitemap-images.xml","sitemap.images","App\Http\Controllers\SitemapController@sitemap_products","App\Http\Controllers\SitemapController@sitemap_products","web|resetPlLocale|localize|localeSessionRedirect|localizationRedirect|lastModified","","yes","app/Http/Controllers/SitemapController.php","70"
"GET","new/canvas","canvas","App\Http\Controllers\PortraitPageController@hbcanvas","App\Http\Controllers\PortraitPageController@hbcanvas","web|resetPlLocale|localize|localeSessionRedirect|localizationRedirect|lastModified","","yes","app/Http/Controllers/PortraitPageController.php","245"
"GET","kanvas/apdruka","ads.canvas","App\Http\Controllers\PortraitPageController@ads_canvas","App\Http\Controllers\PortraitPageController@ads_canvas","web|resetPlLocale|localize|localeSessionRedirect|localizationRedirect|lastModified","","yes","app/Http/Controllers/PortraitPageController.php","587"
"GET","collage","collage","App\Http\Controllers\PortraitPageController@hbcollage","App\Http\Controllers\PortraitPageController@hbcollage","web|resetPlLocale|localize|localeSessionRedirect|localizationRedirect|lastModified","","yes","app/Http/Controllers/PortraitPageController.php","657"
"GET","{slug}","page","App\Http\Controllers\StaticPagesController@render_slug_page","App\Http\Controllers\StaticPagesController@render_slug_page","web|resetPlLocale|localize|localeSessionRedirect|localizationRedirect|lastModified","","yes","app/Http/Controllers/StaticPagesController.php","760"
"POST","orders/make","make_order","App\Http\Controllers\OrdersController@makeOrder","App\Http\Controllers\OrdersController@makeOrder","web|resetPlLocale|localize|localeSessionRedirect|localizationRedirect|lastModified","","yes","app/Http/Controllers/OrdersController.php","2082"
"POST","orders/delete","delete_order","App\Http\Controllers\OrdersController@deleteOrder","App\Http\Controllers\OrdersController@deleteOrder","web|resetPlLocale|localize|localeSessionRedirect|localizationRedirect|lastModified","","yes","app/Http/Controllers/OrdersController.php","1016"
"POST","orders/approve","approve_order","App\Http\Controllers\OrdersController@approveOrder","App\Http\Controllers\OrdersController@approveOrder","web|resetPlLocale|localize|localeSessionRedirect|localizationRedirect|lastModified","","yes","app/Http/Controllers/OrdersController.php","1029"
"POST","orders/change","change_order","App\Http\Controllers\OrdersController@changeOrder","App\Http\Controllers\OrdersController@changeOrder","web|resetPlLocale|localize|localeSessionRedirect|localizationRedirect|lastModified","","yes","app/Http/Controllers/OrdersController.php","1742"
"POST","orders/add_client_images","add_client_images","App\Http\Controllers\OrdersController@add_client_images","App\Http\Controllers\OrdersController@add_client_images","web|resetPlLocale|localize|localeSessionRedirect|localizationRedirect|lastModified","","yes","app/Http/Controllers/OrdersController.php","1250"
"GET","orders/remove_painter_sketch_image","remove_painter_sketch_image","App\Http\Controllers\OrdersController@remove_painter_sketch_image","App\Http\Controllers\OrdersController@remove_painter_sketch_image","web|resetPlLocale|localize|localeSessionRedirect|localizationRedirect|lastModified","","yes","app/Http/Controllers/OrdersController.php","1354"
"POST","orders/changePainterSketchImagesStatus","changePainterSketchImagesStatus","App\Http\Controllers\OrdersController@changePainterSketchImagesStatus","App\Http\Controllers\OrdersController@changePainterSketchImagesStatus","web|resetPlLocale|localize|localeSessionRedirect|localizationRedirect|lastModified","","yes","app/Http/Controllers/OrdersController.php","1826"
"POST","orders/changePainterImagesStatus","changePainterImagesStatus","App\Http\Controllers\OrdersController@changePainterImagesStatus","App\Http\Controllers\OrdersController@changePainterImagesStatus","web|resetPlLocale|localize|localeSessionRedirect|localizationRedirect|lastModified","","yes","app/Http/Controllers/OrdersController.php","1844"
"POST","orders/change/payment","change_order_payment","App\Http\Controllers\OrdersController@changeOrderPayment","App\Http\Controllers\OrdersController@changeOrderPayment","web|resetPlLocale|localize|localeSessionRedirect|localizationRedirect|lastModified","","yes","app/Http/Controllers/OrdersController.php","1604"
"POST","orders/change/vrv","change_order_vrv","App\Http\Controllers\OrdersController@changeOrderVrv","App\Http\Controllers\OrdersController@changeOrderVrv","web|resetPlLocale|localize|localeSessionRedirect|localizationRedirect|lastModified","","yes","app/Http/Controllers/OrdersController.php","1106"
"POST","orders/update/vrv","update_vr_num","App\Http\Controllers\OrdersController@update_vr_num","App\Http\Controllers\OrdersController@update_vr_num","web|resetPlLocale|localize|localeSessionRedirect|localizationRedirect|lastModified","","yes","app/Http/Controllers/OrdersController.php","1530"
"POST","orders/remove/vrv","rem_vr_num","App\Http\Controllers\OrdersController@rem_vr_num","App\Http\Controllers\OrdersController@rem_vr_num","web|resetPlLocale|localize|localeSessionRedirect|localizationRedirect|lastModified","","yes","app/Http/Controllers/OrdersController.php","1187"
"POST","orders/update/painter_time","update_painter_time","App\Http\Controllers\OrdersController@update_painter_time","App\Http\Controllers\OrdersController@update_painter_time","web|resetPlLocale|localize|localeSessionRedirect|localizationRedirect|lastModified","","yes","app/Http/Controllers/OrdersController.php","1462"
"POST","orders/update/update_when_send_time","update_when_send_time","App\Http\Controllers\OrdersController@update_when_send_time","App\Http\Controllers\OrdersController@update_when_send_time","web|resetPlLocale|localize|localeSessionRedirect|localizationRedirect|lastModified","","yes","app/Http/Controllers/OrdersController.php","1478"
"POST","orders/update/update_prepayment_price","update_prepayment_price","App\Http\Controllers\OrdersController@update_prepayment_price","App\Http\Controllers\OrdersController@update_prepayment_price","web|resetPlLocale|localize|localeSessionRedirect|localizationRedirect|lastModified","","yes","app/Http/Controllers/OrdersController.php","1514"
"POST","orders/update/painter_payed","update_painter_payed","App\Http\Controllers\OrdersController@update_painter_payed","App\Http\Controllers\OrdersController@update_painter_payed","web|resetPlLocale|localize|localeSessionRedirect|localizationRedirect|lastModified","","yes","app/Http/Controllers/OrdersController.php","1202"
"POST","orders/update/show_painter_images","show_painter_images","App\Http\Controllers\OrdersController@show_painter_images","App\Http\Controllers\OrdersController@show_painter_images","web|resetPlLocale|localize|localeSessionRedirect|localizationRedirect|lastModified","","yes","app/Http/Controllers/OrdersController.php","1422"
"POST","orders/update/painter","update_order_painter","App\Http\Controllers\OrdersController@update_order_painter","App\Http\Controllers\OrdersController@update_order_painter","web|resetPlLocale|localize|localeSessionRedirect|localizationRedirect|lastModified","","yes","app/Http/Controllers/OrdersController.php","1042"
"POST","orders/update/printing","update_printing_order","App\Http\Controllers\OrdersController@update_printing_order","App\Http\Controllers\OrdersController@update_printing_order","web|resetPlLocale|localize|localeSessionRedirect|localizationRedirect|lastModified","","yes","app/Http/Controllers/OrdersController.php","1074"
"POST","orders/update/firm","update_order_firm","App\Http\Controllers\OrdersController@update_order_firm","App\Http\Controllers\OrdersController@update_order_firm","web|resetPlLocale|localize|localeSessionRedirect|localizationRedirect|lastModified","","yes","app/Http/Controllers/OrdersController.php","1565"
"POST","orders/change_client_status","change_client_status","App\Http\Controllers\OrdersController@change_client_status","App\Http\Controllers\OrdersController@change_client_status","web|resetPlLocale|localize|localeSessionRedirect|localizationRedirect|lastModified","","yes","app/Http/Controllers/OrdersController.php","1809"
"POST","stocks/create_coupon","create_stock_coupon","App\Http\Controllers\StaticPagesController@create_stock_coupon","App\Http\Controllers\StaticPagesController@create_stock_coupon","web|resetPlLocale|localize|localeSessionRedirect|localizationRedirect|lastModified","","yes","app/Http/Controllers/StaticPagesController.php","499"
"POST","send_frend_email","send_frend_email","App\Http\Controllers\StaticPagesController@send_frend_email","App\Http\Controllers\StaticPagesController@send_frend_email","web|resetPlLocale|localize|localeSessionRedirect|localizationRedirect|lastModified","","yes","app/Http/Controllers/StaticPagesController.php","552"
"POST","load_ajax_posts","load_ajax_posts","App\Http\Controllers\BlogController@load_ajax_posts","App\Http\Controllers\BlogController@load_ajax_posts","web|resetPlLocale|localize|localeSessionRedirect|localizationRedirect|lastModified","","yes","app/Http/Controllers/BlogController.php","330"
