rule_id,source_line,source,target,locales,registered_routes,source_occurrences,distinct_targets_for_source,target_is_another_source,chain_rule_count,cycle,cycle_path,pl_variant_shadowed,notes
1,393,/new/graphic-portrait/portrait-Dream-Art,/new/graphic-portrait/portrait-dream-art,en|pl|lv|lt|ee|de|ru,8,1,1,no,1,no,,yes,/pl variant shadowed by earlier catch-all; confirmed with /pl/canvas
2,395,/modular-pictures,/modular-generator,en|pl|lv|lt|ee|de|ru,8,1,1,no,1,no,,yes,/pl variant shadowed by earlier catch-all; confirmed with /pl/canvas
3,396,/canvas,/new/canvas,en|pl|lv|lt|ee|de|ru,8,1,1,no,1,no,,yes,/pl variant shadowed by earlier catch-all; confirmed with /pl/canvas
4,397,/gallery/oil-pictures,/new/graphic-portrait/kartiny,en|pl|lv|lt|ee|de|ru,8,1,1,no,1,no,,yes,/pl variant shadowed by earlier catch-all; confirmed with /pl/canvas
5,398,/graphic-portrait/Doppelbelichtung-Portrait,/all_styles,en|pl|lv|lt|ee|de|ru,8,1,1,no,1,no,,yes,/pl variant shadowed by earlier catch-all; confirmed with /pl/canvas
6,399,/graphic-portrait/Farb- und Schwarz-Weiß-Fotos,/all_styles,en|pl|lv|lt|ee|de|ru,8,1,1,no,1,no,,yes,/pl variant shadowed by earlier catch-all; confirmed with /pl/canvas; space in URL; non-ASCII URL
7,400,/graphic-portrait/Fotokorrektur,/all_styles,en|pl|lv|lt|ee|de|ru,8,1,1,no,1,no,,yes,/pl variant shadowed by earlier catch-all; confirmed with /pl/canvas
8,401,/graphic-portrait/Fotowiederherstellung,/all_styles,en|pl|lv|lt|ee|de|ru,8,1,1,no,1,no,,yes,/pl variant shadowed by earlier catch-all; confirmed with /pl/canvas
9,402,/graphic-portrait/Grafik-Porträt,/new/graphic-portrait/Grafik-Porträt,en|pl|lv|lt|ee|de|ru,8,1,1,yes,2,no,,yes,redirect chain; /pl variant shadowed by earlier catch-all; confirmed with /pl/canvas; non-ASCII URL
10,403,/graphic-portrait/Liebe ist Porträt,/all_styles,en|pl|lv|lt|ee|de|ru,8,1,1,no,1,no,,yes,/pl variant shadowed by earlier catch-all; confirmed with /pl/canvas; space in URL; non-ASCII URL
11,404,/graphic-portrait/Low Poly Portrait,/all_styles,en|pl|lv|lt|ee|de|ru,8,1,1,no,1,no,,yes,/pl variant shadowed by earlier catch-all; confirmed with /pl/canvas; space in URL
12,405,/graphic-portrait/Portret-w-stylu-Love-is,/all_styles,en|pl|lv|lt|ee|de|ru,8,1,1,no,1,no,,yes,/pl variant shadowed by earlier catch-all; confirmed with /pl/canvas
13,406,/graphic-portrait/Porträt-aus-Wörtern,/all_styles,en|pl|lv|lt|ee|de|ru,8,1,1,no,1,no,,yes,/pl variant shadowed by earlier catch-all; confirmed with /pl/canvas; non-ASCII URL
14,407,/graphic-portrait/classic-portrait,/new/graphic-portrait/graphic-portrait,en|pl|lv|lt|ee|de|ru,8,1,1,no,1,no,,yes,/pl variant shadowed by earlier catch-all; confirmed with /pl/canvas
15,408,/graphic-portrait/classic-portrait/buy,/new/graphic-portrait/graphic-portrait,en|pl|lv|lt|ee|de|ru,8,1,1,no,1,no,,yes,/pl variant shadowed by earlier catch-all; confirmed with /pl/canvas
16,409,/graphic-portrait/color-and-black-and-white-photos,/all_styles,en|pl|lv|lt|ee|de|ru,8,1,1,no,1,no,,yes,/pl variant shadowed by earlier catch-all; confirmed with /pl/canvas
17,410,/graphic-portrait/customs-royal-portraits,/new/graphic-portrait/portrait-historical,en|pl|lv|lt|ee|de|ru,8,1,1,no,1,no,,yes,/pl variant shadowed by earlier catch-all; confirmed with /pl/canvas
18,411,/graphic-portrait/double-exposition-portrait,/all_styles,en|pl|lv|lt|ee|de|ru,8,1,1,no,1,no,,yes,/pl variant shadowed by earlier catch-all; confirmed with /pl/canvas
19,412,/graphic-portrait/dream-art-portrait,/new/graphic-portrait/portrait-dream-art,en|pl|lv|lt|ee|de|ru,8,1,1,no,1,no,,yes,/pl variant shadowed by earlier catch-all; confirmed with /pl/canvas
20,413,/graphic-portrait/foto-korekcja,/all_styles,en|pl|lv|lt|ee|de|ru,8,1,1,no,1,no,,yes,/pl variant shadowed by earlier catch-all; confirmed with /pl/canvas
21,414,/graphic-portrait/graphic-portrait,/new/graphic-portrait/graphic-portrait,en|pl|lv|lt|ee|de|ru,8,1,1,no,1,no,,yes,/pl variant shadowed by earlier catch-all; confirmed with /pl/canvas
22,415,/graphic-portrait/graphic-portrait/buy,/new/graphic-portrait/graphic-portrait,en|pl|lv|lt|ee|de|ru,8,2,1,no,1,no,,yes,duplicate source; /pl variant shadowed by earlier catch-all; confirmed with /pl/canvas
23,416,/graphic-portrait/graphic-portrait/buy,/new/graphic-portrait/graphic-portrait,en|pl|lv|lt|ee|de|ru,8,2,1,no,1,no,,yes,duplicate source; /pl variant shadowed by earlier catch-all; confirmed with /pl/canvas
24,417,/graphic-portrait/karikatur-porträt,/new/caricature,en|pl|lv|lt|ee|de|ru,8,1,1,no,1,no,,yes,/pl variant shadowed by earlier catch-all; confirmed with /pl/canvas; non-ASCII URL
25,418,/graphic-portrait/kolorowe-czarno-białe-zdjęcie,/all_styles,en|pl|lv|lt|ee|de|ru,8,1,1,no,1,no,,yes,/pl variant shadowed by earlier catch-all; confirmed with /pl/canvas; non-ASCII URL
26,419,/graphic-portrait/love-is-portrait,/all_styles,en|pl|lv|lt|ee|de|ru,8,2,1,no,1,no,,yes,duplicate source; /pl variant shadowed by earlier catch-all; confirmed with /pl/canvas
27,420,/graphic-portrait/love-is-portrait,/all_styles,en|pl|lv|lt|ee|de|ru,8,2,1,no,1,no,,yes,duplicate source; /pl variant shadowed by earlier catch-all; confirmed with /pl/canvas
28,421,/graphic-portrait/love-isportrait,/all_styles,en|pl|lv|lt|ee|de|ru,8,1,1,no,1,no,,yes,/pl variant shadowed by earlier catch-all; confirmed with /pl/canvas
29,422,/graphic-portrait/low-poly-portrait,/all_styles,en|pl|lv|lt|ee|de|ru,8,2,1,no,1,no,,yes,duplicate source; /pl variant shadowed by earlier catch-all; confirmed with /pl/canvas
30,423,/graphic-portrait/low-poly-portrait,/all_styles,en|pl|lv|lt|ee|de|ru,8,2,1,no,1,no,,yes,duplicate source; /pl variant shadowed by earlier catch-all; confirmed with /pl/canvas
31,424,/graphic-portrait/low-poly-portret,/all_styles,en|pl|lv|lt|ee|de|ru,8,1,1,no,1,no,,yes,/pl variant shadowed by earlier catch-all; confirmed with /pl/canvas
32,425,/graphic-portrait/modulnaya-kartina-pavliny,/all_styles,en|pl|lv|lt|ee|de|ru,8,1,1,no,1,no,,yes,/pl variant shadowed by earlier catch-all; confirmed with /pl/canvas
33,426,/graphic-portrait/murciano-portrait,/all_styles,en|pl|lv|lt|ee|de|ru,8,1,1,no,1,no,,yes,/pl variant shadowed by earlier catch-all; confirmed with /pl/canvas
34,427,/graphic-portrait/murkisches Porträt,/all_styles,en|pl|lv|lt|ee|de|ru,8,1,1,no,1,no,,yes,/pl variant shadowed by earlier catch-all; confirmed with /pl/canvas; space in URL; non-ASCII URL
35,428,/graphic-portrait/odnawianie-zdjęć,/all_styles,en|pl|lv|lt|ee|de|ru,8,1,1,no,1,no,,yes,/pl variant shadowed by earlier catch-all; confirmed with /pl/canvas; non-ASCII URL
36,429,/graphic-portrait/photo-correction,/all_styles,en|pl|lv|lt|ee|de|ru,8,1,1,no,1,no,,yes,/pl variant shadowed by earlier catch-all; confirmed with /pl/canvas
37,430,/graphic-portrait/photo-recovery,/all_styles,en|pl|lv|lt|ee|de|ru,8,1,1,no,1,no,,yes,/pl variant shadowed by earlier catch-all; confirmed with /pl/canvas
38,431,/graphic-portrait/pop-art-portrait,/new/graphic-portrait/pop-art-portrait,en|pl|lv|lt|ee|de|ru,8,1,1,no,1,no,,yes,/pl variant shadowed by earlier catch-all; confirmed with /pl/canvas
39,432,/graphic-portrait/pop-art-portrait/buy,/new/graphic-portrait/pop-art-portrait,en|pl|lv|lt|ee|de|ru,8,1,1,no,1,no,,yes,/pl variant shadowed by earlier catch-all; confirmed with /pl/canvas
40,433,/graphic-portrait/portrait-beauty-art,/new/graphic-portrait/portrait-beauty-art,en|pl|lv|lt|ee|de|ru,8,1,1,no,1,no,,yes,/pl variant shadowed by earlier catch-all; confirmed with /pl/canvas
41,434,/graphic-portrait/portrait-beauty-art/buy,/new/graphic-portrait/portrait-beauty-art,en|pl|lv|lt|ee|de|ru,8,1,1,no,1,no,,yes,/pl variant shadowed by earlier catch-all; confirmed with /pl/canvas
42,435,/graphic-portrait/portrait-caricature,/new/graphic-portrait/portrait-caricature,en|pl|lv|lt|ee|de|ru,8,1,1,yes,2,no,,yes,redirect chain; /pl variant shadowed by earlier catch-all; confirmed with /pl/canvas
43,436,/graphic-portrait/portrait-caricature/buy,/new/graphic-portrait/portrait-caricature,en|pl|lv|lt|ee|de|ru,8,1,1,yes,2,no,,yes,redirect chain; /pl variant shadowed by earlier catch-all; confirmed with /pl/canvas
44,437,/graphic-portrait/portrait-colorization,/all_styles,en|pl|lv|lt|ee|de|ru,8,1,1,no,1,no,,yes,/pl variant shadowed by earlier catch-all; confirmed with /pl/canvas
45,438,/graphic-portrait/portrait-compliment,/all_styles,en|pl|lv|lt|ee|de|ru,8,1,1,no,1,no,,yes,/pl variant shadowed by earlier catch-all; confirmed with /pl/canvas
46,439,/graphic-portrait/portrait-double-exposure,/all_styles,en|pl|lv|lt|ee|de|ru,8,1,1,no,1,no,,yes,/pl variant shadowed by earlier catch-all; confirmed with /pl/canvas
47,440,/graphic-portrait/portrait-dream-art,/new/graphic-portrait/portrait-dream-art,en|pl|lv|lt|ee|de|ru,8,1,1,no,1,no,,yes,/pl variant shadowed by earlier catch-all; confirmed with /pl/canvas
48,441,/graphic-portrait/portrait-dream-art/buy,/new/graphic-portrait/portrait-dream-art,en|pl|lv|lt|ee|de|ru,8,1,1,no,1,no,,yes,/pl variant shadowed by earlier catch-all; confirmed with /pl/canvas
49,442,/graphic-portrait/portrait-in-image,/new/graphic-portrait/portrait-historical,en|pl|lv|lt|ee|de|ru,8,1,1,no,1,no,,yes,/pl variant shadowed by earlier catch-all; confirmed with /pl/canvas
50,443,/graphic-portrait/portrait-in-the-image,/new/graphic-portrait/portrait-historical,en|pl|lv|lt|ee|de|ru,8,1,1,no,1,no,,yes,/pl variant shadowed by earlier catch-all; confirmed with /pl/canvas
51,444,/graphic-portrait/portrait-made-from-words,/all_styles,en|pl|lv|lt|ee|de|ru,8,1,1,no,1,no,,yes,/pl variant shadowed by earlier catch-all; confirmed with /pl/canvas
52,445,/graphic-portrait/portrait-of-love-is,/all_styles,en|pl|lv|lt|ee|de|ru,8,1,1,no,1,no,,yes,/pl variant shadowed by earlier catch-all; confirmed with /pl/canvas
53,446,/graphic-portrait/portrait-of-murciano,/all_styles,en|pl|lv|lt|ee|de|ru,8,1,1,no,1,no,,yes,/pl variant shadowed by earlier catch-all; confirmed with /pl/canvas
54,447,/graphic-portrait/portrait-pop-art,/new/graphic-portrait/pop-art-portrait,en|pl|lv|lt|ee|de|ru,8,1,1,no,1,no,,yes,/pl variant shadowed by earlier catch-all; confirmed with /pl/canvas
55,448,/graphic-portrait/portrait-retouch,/all_styles,en|pl|lv|lt|ee|de|ru,8,1,1,no,1,no,,yes,/pl variant shadowed by earlier catch-all; confirmed with /pl/canvas
56,449,/graphic-portrait/portrait-spancaricaturespan,/new/caricature,en|pl|lv|lt|ee|de|ru,8,1,1,no,1,no,,yes,/pl variant shadowed by earlier catch-all; confirmed with /pl/canvas
57,450,/graphic-portrait/portrait-spanclassicspan,/new/graphic-portrait/graphic-portrait,en|pl|lv|lt|ee|de|ru,8,1,1,no,1,no,,yes,/pl variant shadowed by earlier catch-all; confirmed with /pl/canvas
58,451,/graphic-portrait/portret-beauty-art,/new/graphic-portrait/portrait-beauty-art,en|pl|lv|lt|ee|de|ru,8,1,1,no,1,no,,yes,/pl variant shadowed by earlier catch-all; confirmed with /pl/canvas
59,452,/graphic-portrait/portret-karykatura,/new/caricature,en|pl|lv|lt|ee|de|ru,8,1,1,no,1,no,,yes,/pl variant shadowed by earlier catch-all; confirmed with /pl/canvas
60,453,/graphic-portrait/portret-murchiano,/all_styles,en|pl|lv|lt|ee|de|ru,8,1,1,no,1,no,,yes,/pl variant shadowed by earlier catch-all; confirmed with /pl/canvas
61,454,/graphic-portrait/portret-pop-art,/new/graphic-portrait/pop-art-portrait,en|pl|lv|lt|ee|de|ru,8,1,1,no,1,no,,yes,/pl variant shadowed by earlier catch-all; confirmed with /pl/canvas
62,455,/graphic-portrait/portret-stylizowany,/new/graphic-portrait/portrait-historical,en|pl|lv|lt|ee|de|ru,8,1,1,no,1,no,,yes,/pl variant shadowed by earlier catch-all; confirmed with /pl/canvas
63,456,/graphic-portrait/portret-z-podwójną-ekspozycją,/all_styles,en|pl|lv|lt|ee|de|ru,8,1,1,no,1,no,,yes,/pl variant shadowed by earlier catch-all; confirmed with /pl/canvas; non-ASCII URL
64,457,/graphic-portrait/portret-ze-słów,/all_styles,en|pl|lv|lt|ee|de|ru,8,1,1,no,1,no,,yes,/pl variant shadowed by earlier catch-all; confirmed with /pl/canvas; non-ASCII URL
65,458,/graphic-portrait/simpsons-portrait,/simpsons,en|pl|lv|lt|ee|de|ru,8,1,1,no,1,no,,yes,/pl variant shadowed by earlier catch-all; confirmed with /pl/canvas
66,459,/graphic-portrait/spanartspan-portraits,/new/graphic-portrait/portrait-dream-art,en|pl|lv|lt|ee|de|ru,8,1,1,no,1,no,,yes,/pl variant shadowed by earlier catch-all; confirmed with /pl/canvas
67,460,/graphic-portrait/spanpaintingsspan,/new/graphic-portrait/kartiny,en|pl|lv|lt|ee|de|ru,8,1,1,no,1,no,,yes,/pl variant shadowed by earlier catch-all; confirmed with /pl/canvas
68,461,/graphic-portrait/spanpetspanportrait,/new/graphic-portrait/pet-portrait,en|pl|lv|lt|ee|de|ru,8,1,1,no,1,no,,yes,/pl variant shadowed by earlier catch-all; confirmed with /pl/canvas
69,462,/graphic-portrait/vintage-portrait,/all_styles,en|pl|lv|lt|ee|de|ru,8,1,1,no,1,no,,yes,/pl variant shadowed by earlier catch-all; confirmed with /pl/canvas
70,463,/new/caricature/athlete_caricatures,/new/caricature/athlete-caricatures,en|pl|lv|lt|ee|de|ru,8,1,1,no,1,no,,yes,/pl variant shadowed by earlier catch-all; confirmed with /pl/canvas
71,464,/new/caricature/black_and_white_caricatures,/new/caricature/black-and-white-caricatures,en|pl|lv|lt|ee|de|ru,8,1,1,no,1,no,,yes,/pl variant shadowed by earlier catch-all; confirmed with /pl/canvas
72,465,/new/caricature/caricature_for_birthday,/new/caricature/caricature-for-birthday,en|pl|lv|lt|ee|de|ru,8,1,1,no,1,no,,yes,/pl variant shadowed by earlier catch-all; confirmed with /pl/canvas
73,466,/new/caricature/family_caricature,/new/caricature/family-caricature,en|pl|lv|lt|ee|de|ru,8,1,1,no,1,no,,yes,/pl variant shadowed by earlier catch-all; confirmed with /pl/canvas
74,467,/new/caricature/group_caricatures,/new/caricature/group-caricatures,en|pl|lv|lt|ee|de|ru,8,1,1,no,1,no,,yes,/pl variant shadowed by earlier catch-all; confirmed with /pl/canvas
75,468,/new/caricature/portrait-in-image,/new/graphic-portrait/portrait-historical,en|pl|lv|lt|ee|de|ru,8,1,1,no,1,no,,yes,/pl variant shadowed by earlier catch-all; confirmed with /pl/canvas
76,469,/new/caricature/portrait-in-the-image,/new/graphic-portrait/portrait-historical,en|pl|lv|lt|ee|de|ru,8,1,1,no,1,no,,yes,/pl variant shadowed by earlier catch-all; confirmed with /pl/canvas
77,470,/new/caricature/portret-stylizowany,/new/graphic-portrait/portrait-historical,en|pl|lv|lt|ee|de|ru,8,1,1,no,1,no,,yes,/pl variant shadowed by earlier catch-all; confirmed with /pl/canvas
78,471,/new/caricature/spancaricaturespan-for-birthday,/new/caricature/caricature-for-birthday,en|pl|lv|lt|ee|de|ru,8,1,1,no,1,no,,yes,/pl variant shadowed by earlier catch-all; confirmed with /pl/canvas
79,472,/new/caricature/wedding_caricature,/new/caricature/wedding-caricature,en|pl|lv|lt|ee|de|ru,8,1,1,no,1,no,,yes,/pl variant shadowed by earlier catch-all; confirmed with /pl/canvas
80,473,/new/caricature/сaricature_for_сolleagues,/new/caricature/caricature-for-colleagues,en|pl|lv|lt|ee|de|ru,8,1,1,no,1,no,,yes,/pl variant shadowed by earlier catch-all; confirmed with /pl/canvas; non-ASCII URL
81,474,/new/graphic-portrait/-988,/new/graphic-portrait/kartiny,en|pl|lv|lt|ee|de|ru,8,1,1,no,1,no,,yes,/pl variant shadowed by earlier catch-all; confirmed with /pl/canvas
82,475,/new/graphic-portrait/Grafik-Porträt,/new/graphic-portrait/graphic-portrait,en|pl|lv|lt|ee|de|ru,8,1,1,no,1,no,,yes,/pl variant shadowed by earlier catch-all; confirmed with /pl/canvas; non-ASCII URL
83,476,/new/graphic-portrait/classic-portrait,/new/graphic-portrait/graphic-portrait,en|pl|lv|lt|ee|de|ru,8,1,1,no,1,no,,yes,/pl variant shadowed by earlier catch-all; confirmed with /pl/canvas
84,477,/new/graphic-portrait/customs-royal-portraits,/new/graphic-portrait/portrait-historical,en|pl|lv|lt|ee|de|ru,8,1,1,no,1,no,,yes,/pl variant shadowed by earlier catch-all; confirmed with /pl/canvas
85,478,/new/graphic-portrait/karikatur-porträt,/new/caricature,en|pl|lv|lt|ee|de|ru,8,1,1,no,1,no,,yes,/pl variant shadowed by earlier catch-all; confirmed with /pl/canvas; non-ASCII URL
86,479,/new/graphic-portrait/klasisks-portrets,/new/graphic-portrait/graphic-portrait,en|pl|lv|lt|ee|de|ru,8,1,1,no,1,no,,yes,/pl variant shadowed by earlier catch-all; confirmed with /pl/canvas
87,480,/new/graphic-portrait/portrait-beauty-art/buy,/new/graphic-portrait/portrait-beauty-art,en|pl|lv|lt|ee|de|ru,8,1,1,no,1,no,,yes,/pl variant shadowed by earlier catch-all; confirmed with /pl/canvas
88,481,/new/graphic-portrait/portrait-caricature,/new/caricature,en|pl|lv|lt|ee|de|ru,8,1,1,no,1,no,,yes,/pl variant shadowed by earlier catch-all; confirmed with /pl/canvas
89,482,/new/graphic-portrait/portrait-dream-art/buy,/new/graphic-portrait/portrait-dream-art,en|pl|lv|lt|ee|de|ru,8,1,1,no,1,no,,yes,/pl variant shadowed by earlier catch-all; confirmed with /pl/canvas
90,483,/new/graphic-portrait/portrait-pop-art,/new/graphic-portrait/pop-art-portrait,en|pl|lv|lt|ee|de|ru,8,1,1,no,1,no,,yes,/pl variant shadowed by earlier catch-all; confirmed with /pl/canvas
91,484,/new/graphic-portrait/portrait-spancaricaturespan,/new/caricature,en|pl|lv|lt|ee|de|ru,8,1,1,no,1,no,,yes,/pl variant shadowed by earlier catch-all; confirmed with /pl/canvas
92,485,/new/graphic-portrait/portrait-spanclassicspan,/new/graphic-portrait/graphic-portrait,en|pl|lv|lt|ee|de|ru,8,1,1,no,1,no,,yes,/pl variant shadowed by earlier catch-all; confirmed with /pl/canvas
93,486,/new/graphic-portrait/portret-beauty-art,/new/graphic-portrait/portrait-beauty-art,en|pl|lv|lt|ee|de|ru,8,1,1,no,1,no,,yes,/pl variant shadowed by earlier catch-all; confirmed with /pl/canvas
94,487,/new/graphic-portrait/portret-dream-art,/new/graphic-portrait/portrait-dream-art,en|pl|lv|lt|ee|de|ru,8,1,1,no,1,no,,yes,/pl variant shadowed by earlier catch-all; confirmed with /pl/canvas
95,488,/new/graphic-portrait/portret-graficzny,/new/graphic-portrait/graphic-portrait,en|pl|lv|lt|ee|de|ru,8,1,1,no,1,no,,yes,/pl variant shadowed by earlier catch-all; confirmed with /pl/canvas
96,489,/new/graphic-portrait/portret-karykatura,/new/caricature,en|pl|lv|lt|ee|de|ru,8,1,1,no,1,no,,yes,/pl variant shadowed by earlier catch-all; confirmed with /pl/canvas
97,490,/new/graphic-portrait/simposons-custums,/simpsons,en|pl|lv|lt|ee|de|ru,8,1,1,no,1,no,,yes,/pl variant shadowed by earlier catch-all; confirmed with /pl/canvas
98,491,/new/graphic-portrait/simpsons-portrait,/simpsons,en|pl|lv|lt|ee|de|ru,8,1,1,no,1,no,,yes,/pl variant shadowed by earlier catch-all; confirmed with /pl/canvas
99,492,/new/graphic-portrait/spanartspan-portraits,/new/graphic-portrait/portrait-dream-art,en|pl|lv|lt|ee|de|ru,8,1,1,no,1,no,,yes,/pl variant shadowed by earlier catch-all; confirmed with /pl/canvas
100,493,/new/graphic-portrait/spanbeauty-art-span-portree,/new/graphic-portrait/portrait-beauty-art,en|pl|lv|lt|ee|de|ru,8,1,1,no,1,no,,yes,/pl variant shadowed by earlier catch-all; confirmed with /pl/canvas
101,494,/new/graphic-portrait/spanpaintingsspan,/new/graphic-portrait/kartiny,en|pl|lv|lt|ee|de|ru,8,1,1,no,1,no,,yes,/pl variant shadowed by earlier catch-all; confirmed with /pl/canvas
102,495,/new/graphic-portrait/spanpetspanportrait,/new/graphic-portrait/pet-portrait,en|pl|lv|lt|ee|de|ru,8,1,1,no,1,no,,yes,/pl variant shadowed by earlier catch-all; confirmed with /pl/canvas
103,496,/new/graphic-portrait/süßes Kunstportrait,/new/graphic-portrait/portrait-beauty-art,en|pl|lv|lt|ee|de|ru,8,1,1,no,1,no,,yes,/pl variant shadowed by earlier catch-all; confirmed with /pl/canvas; space in URL; non-ASCII URL
104,497,/new/graphic-portrait/traum-kunst-porträt,/new/graphic-portrait/portrait-dream-art,en|pl|lv|lt|ee|de|ru,8,1,1,no,1,no,,yes,/pl variant shadowed by earlier catch-all; confirmed with /pl/canvas; non-ASCII URL
105,498,/oil-portrait,/new/graphic-portrait/kartiny,en|pl|lv|lt|ee|de|ru,8,1,1,no,1,no,,yes,/pl variant shadowed by earlier catch-all; confirmed with /pl/canvas
106,499,/page/faq,/faq,en|pl|lv|lt|ee|de|ru,8,1,1,no,1,no,,yes,/pl variant shadowed by earlier catch-all; confirmed with /pl/canvas
107,500,/photo,/photo_portrait,en|pl|lv|lt|ee|de|ru,8,1,1,no,1,no,,yes,/pl variant shadowed by earlier catch-all; confirmed with /pl/canvas
108,501,/blog/gift-for_man,/blog/gifts-for-men-1,en|pl|lv|lt|ee|de|ru,8,1,1,no,1,no,,yes,/pl variant shadowed by earlier catch-all; confirmed with /pl/canvas
109,502,/blog/gift-for-mather,/blog/gift-for-mom,en|pl|lv|lt|ee|de|ru,8,1,1,no,1,no,,yes,/pl variant shadowed by earlier catch-all; confirmed with /pl/canvas
110,503,/blog/foto-kanvas,/blog/canvas-printing-from-photo,en|pl|lv|lt|ee|de|ru,8,1,1,no,1,no,,yes,/pl variant shadowed by earlier catch-all; confirmed with /pl/canvas
111,504,/blog/man-gift,/blog/gifts-for-men,en|pl|lv|lt|ee|de|ru,8,1,1,no,1,no,,yes,/pl variant shadowed by earlier catch-all; confirmed with /pl/canvas
112,505,/blog/ffff,/blog/gifts-for-men,en|pl|lv|lt|ee|de|ru,8,1,1,no,1,no,,yes,/pl variant shadowed by earlier catch-all; confirmed with /pl/canvas
113,506,/blog/kanvas_apdruka,/blog/kanvas-apdruka,en|pl|lv|lt|ee|de|ru,8,1,1,no,1,no,,yes,/pl variant shadowed by earlier catch-all; confirmed with /pl/canvas
114,507,/blog/foto_uz_kanvas,/blog/foto-uz-kanvas,en|pl|lv|lt|ee|de|ru,8,1,1,no,1,no,,yes,/pl variant shadowed by earlier catch-all; confirmed with /pl/canvas
115,508,/blog/kanva,/blog/custom-canvas-prints,en|pl|lv|lt|ee|de|ru,8,1,1,no,1,no,,yes,/pl variant shadowed by earlier catch-all; confirmed with /pl/canvas
116,509,/blog/kanvas,/blog/custom-canvas-prints,en|pl|lv|lt|ee|de|ru,8,1,1,no,1,no,,yes,/pl variant shadowed by earlier catch-all; confirmed with /pl/canvas
117,510,/blog/fotolõuend,/blog/custom-canvas-prints,en|pl|lv|lt|ee|de|ru,8,1,1,no,1,no,,yes,/pl variant shadowed by earlier catch-all; confirmed with /pl/canvas; non-ASCII URL
118,511,/blog/fotodrobės,/blog/custom-canvas-prints,en|pl|lv|lt|ee|de|ru,8,1,1,no,1,no,,yes,/pl variant shadowed by earlier catch-all; confirmed with /pl/canvas; non-ASCII URL
119,512,/blog/canvas,/blog/custom-canvas-prints,en|pl|lv|lt|ee|de|ru,8,1,1,no,1,no,,yes,/pl variant shadowed by earlier catch-all; confirmed with /pl/canvas
120,513,/blog/-20,/blog/portrait-for-parents,en|pl|lv|lt|ee|de|ru,8,1,1,no,1,no,,yes,/pl variant shadowed by earlier catch-all; confirmed with /pl/canvas
121,514,/blog/-19,/blog/canvas-modular-generator,en|pl|lv|lt|ee|de|ru,8,1,1,no,1,no,,yes,/pl variant shadowed by earlier catch-all; confirmed with /pl/canvas
122,515,/blog/-18,/blog/pet-portrait,en|pl|lv|lt|ee|de|ru,8,1,1,no,1,no,,yes,/pl variant shadowed by earlier catch-all; confirmed with /pl/canvas
123,516,/blog/-17,/blog/simpsons-portrait,en|pl|lv|lt|ee|de|ru,8,1,1,no,1,no,,yes,/pl variant shadowed by earlier catch-all; confirmed with /pl/canvas
124,517,/blog/-16,/blog/portrait-for-woman,en|pl|lv|lt|ee|de|ru,8,1,1,no,1,no,,yes,/pl variant shadowed by earlier catch-all; confirmed with /pl/canvas
125,518,/blog/-15,/blog/royal-portraits,en|pl|lv|lt|ee|de|ru,8,1,1,no,1,no,,yes,/pl variant shadowed by earlier catch-all; confirmed with /pl/canvas
126,519,/blog/-12,/blog/portrait-for-wedding,en|pl|lv|lt|ee|de|ru,8,3,3,no,1,no,,yes,duplicate source; conflicting targets; /pl variant shadowed by earlier catch-all; confirmed with /pl/canvas
127,520,/blog/-14,/blog/portrait-for-wedding,en|pl|lv|lt|ee|de|ru,8,2,2,no,1,no,,yes,duplicate source; conflicting targets; /pl variant shadowed by earlier catch-all; confirmed with /pl/canvas
128,521,/blog/-13,/blog/anniversary-portrait,en|pl|lv|lt|ee|de|ru,8,1,1,no,1,no,,yes,/pl variant shadowed by earlier catch-all; confirmed with /pl/canvas
129,522,/blog/-12,/blog/children-portrait,en|pl|lv|lt|ee|de|ru,8,3,3,no,1,no,,yes,duplicate source; conflicting targets; /pl variant shadowed by earlier catch-all; confirmed with /pl/canvas
130,523,/blog/-11,/blog/family-portrait,en|pl|lv|lt|ee|de|ru,8,1,1,no,1,no,,yes,/pl variant shadowed by earlier catch-all; confirmed with /pl/canvas
131,524,/blog/-10,/blog/portrait-for-man,en|pl|lv|lt|ee|de|ru,8,1,1,no,1,no,,yes,/pl variant shadowed by earlier catch-all; confirmed with /pl/canvas
132,525,/blog/-9,/blog/gift-for-boss,en|pl|lv|lt|ee|de|ru,8,2,2,no,1,no,,yes,duplicate source; conflicting targets; /pl variant shadowed by earlier catch-all; confirmed with /pl/canvas
133,526,/blog/sarzas-karikaturas,/blog/caricature-from-photo-is-a-great-gift,en|pl|lv|lt|ee|de|ru,8,1,1,no,1,no,,yes,/pl variant shadowed by earlier catch-all; confirmed with /pl/canvas
134,527,/blog/sarzas-karykatura,/blog/caricature-from-photo-is-a-great-gift,en|pl|lv|lt|ee|de|ru,8,1,1,no,1,no,,yes,/pl variant shadowed by earlier catch-all; confirmed with /pl/canvas
135,528,/blog/giclee-technology-art,/blog/creating-realistic-paintings,en|pl|lv|lt|ee|de|ru,8,1,1,no,1,no,,yes,/pl variant shadowed by earlier catch-all; confirmed with /pl/canvas
136,529,/blog/photo-recovery-canvas,/blog/photo-restoration-and-photo-retouching,en|pl|lv|lt|ee|de|ru,8,1,1,no,1,no,,yes,/pl variant shadowed by earlier catch-all; confirmed with /pl/canvas
137,530,/blog/painting-artists,/blog/professional-viarcanvas-artists,en|pl|lv|lt|ee|de|ru,8,1,1,no,1,no,,yes,/pl variant shadowed by earlier catch-all; confirmed with /pl/canvas
138,531,/blog/canvas-wall-print,/blog/canvas-print-composition,en|pl|lv|lt|ee|de|ru,8,1,1,no,1,no,,yes,/pl variant shadowed by earlier catch-all; confirmed with /pl/canvas
139,532,/blog/kompozycja-z-fotoobrazów,/blog/canvas-print-composition,en|pl|lv|lt|ee|de|ru,8,1,1,no,1,no,,yes,/pl variant shadowed by earlier catch-all; confirmed with /pl/canvas; non-ASCII URL
140,533,/blog/art-portrait-canvas-kanvas,/blog/art-portrait-canvas,en|pl|lv|lt|ee|de|ru,8,1,1,no,1,no,,yes,/pl variant shadowed by earlier catch-all; confirmed with /pl/canvas
141,534,/blog/portrety-artystyczne,/blog/art-portrait-canvas,en|pl|lv|lt|ee|de|ru,8,1,1,no,1,no,,yes,/pl variant shadowed by earlier catch-all; confirmed with /pl/canvas
142,535,/blog/-4,/blog/art-portrait-canvas,en|pl|lv|lt|ee|de|ru,8,2,2,no,1,no,,yes,duplicate source; conflicting targets; /pl variant shadowed by earlier catch-all; confirmed with /pl/canvas
143,536,/blog/art-portrait-kanvas-art,/blog/art-portrait-as-a-gift-for-the-loved-ones,en|pl|lv|lt|ee|de|ru,8,1,1,no,1,no,,yes,/pl variant shadowed by earlier catch-all; confirmed with /pl/canvas
144,537,/blog/art-prezent-dla-bliskich,/blog/art-portrait-as-a-gift-for-the-loved-ones,en|pl|lv|lt|ee|de|ru,8,1,1,no,1,no,,yes,/pl variant shadowed by earlier catch-all; confirmed with /pl/canvas
145,538,/blog/druka-uz-audekla-dāvanā,/blog/photo-on-canvas-as-a-gift-how-to-surprise-loved-ones-on-a-holiday,en|pl|lv|lt|ee|de|ru,8,1,1,no,1,no,,yes,/pl variant shadowed by earlier catch-all; confirmed with /pl/canvas; non-ASCII URL
146,539,/blog/kanvas-nice-gift-for,/blog/photo-on-canvas-as-a-gift-how-to-surprise-loved-ones-on-a-holiday,en|pl|lv|lt|ee|de|ru,8,1,1,no,1,no,,yes,/pl variant shadowed by earlier catch-all; confirmed with /pl/canvas
147,540,/blog/maalimine-fotost-lõuendile-suurepärane-kingitus,/blog/photo-on-canvas-as-a-gift-how-to-surprise-loved-ones-on-a-holiday,en|pl|lv|lt|ee|de|ru,8,1,1,no,1,no,,yes,/pl variant shadowed by earlier catch-all; confirmed with /pl/canvas; non-ASCII URL
148,541,/blog/Paveikslas-is-nuotraukos-ant-drobės,/blog/photo-on-canvas-as-a-gift-how-to-surprise-loved-ones-on-a-holiday,en|pl|lv|lt|ee|de|ru,8,1,1,no,1,no,,yes,/pl variant shadowed by earlier catch-all; confirmed with /pl/canvas; non-ASCII URL
149,542,/blog/fotoobraz-na-płótnie-w-prezencie,/blog/photo-on-canvas-as-a-gift-how-to-surprise-loved-ones-on-a-holiday,en|pl|lv|lt|ee|de|ru,8,1,1,no,1,no,,yes,/pl variant shadowed by earlier catch-all; confirmed with /pl/canvas; non-ASCII URL
150,543,/blog/-2,/blog/photo-on-canvas-as-a-gift-how-to-surprise-loved-ones-on-a-holiday,en|pl|lv|lt|ee|de|ru,8,1,1,no,1,no,,yes,/pl variant shadowed by earlier catch-all; confirmed with /pl/canvas
151,544,/blog/kanvas-kvalitāte-foto,/blog/which-photos-are-suitable-for-creating-a-portrait,en|pl|lv|lt|ee|de|ru,8,1,1,no,1,no,,yes,/pl variant shadowed by earlier catch-all; confirmed with /pl/canvas; non-ASCII URL
152,545,/blog/photo-canvas-quality,/blog/which-photos-are-suitable-for-creating-a-portrait,en|pl|lv|lt|ee|de|ru,8,1,1,no,1,no,,yes,/pl variant shadowed by earlier catch-all; confirmed with /pl/canvas
153,546,/blog/millised-fotod-sobivad-portree-loomiseks,/blog/which-photos-are-suitable-for-creating-a-portrait,en|pl|lv|lt|ee|de|ru,8,1,1,no,1,no,,yes,/pl variant shadowed by earlier catch-all; confirmed with /pl/canvas
154,547,/blog/fotografie-do-portretu,/blog/which-photos-are-suitable-for-creating-a-portrait,en|pl|lv|lt|ee|de|ru,8,1,1,no,1,no,,yes,/pl variant shadowed by earlier catch-all; confirmed with /pl/canvas
155,548,/blog/portret-chastichka-dushi-na-polotne,/blog/portrait-is-a-part-of-the-soul-on-the-canvas-a-few-words-about-the-quality-of-the-portrait,en|pl|lv|lt|ee|de|ru,8,1,1,no,1,no,,yes,/pl variant shadowed by earlier catch-all; confirmed with /pl/canvas
156,549,/blog/portrets,/blog/portrait-is-a-part-of-the-soul-on-the-canvas-a-few-words-about-the-quality-of-the-portrait,en|pl|lv|lt|ee|de|ru,8,1,1,no,1,no,,yes,/pl variant shadowed by earlier catch-all; confirmed with /pl/canvas
157,550,/blog/portree-on-tükk-hinge-lõuendil,/blog/portrait-is-a-part-of-the-soul-on-the-canvas-a-few-words-about-the-quality-of-the-portrait,en|pl|lv|lt|ee|de|ru,8,1,1,no,1,no,,yes,/pl variant shadowed by earlier catch-all; confirmed with /pl/canvas; non-ASCII URL
158,551,/blog/-14,/blog/portrait-is-a-part-of-the-soul-on-the-canvas-a-few-words-about-the-quality-of-the-portrait,en|pl|lv|lt|ee|de|ru,8,2,2,no,1,no,,yes,duplicate source; conflicting targets; /pl variant shadowed by earlier catch-all; confirmed with /pl/canvas
159,552,/blog/portret-to-fragment-duszy-na-płotnie-o-jakości-portretu,/blog/portrait-is-a-part-of-the-soul-on-the-canvas-a-few-words-about-the-quality-of-the-portrait,en|pl|lv|lt|ee|de|ru,8,1,1,no,1,no,,yes,/pl variant shadowed by earlier catch-all; confirmed with /pl/canvas; non-ASCII URL
160,553,/blog/porträt-ist-ein-teil-der-seele-auf-der-leinwand-ein-ein paar-worte-über-die-qualität-des-porträts,/blog/portrait-is-a-part-of-the-soul-on-the-canvas-a-few-words-about-the-quality-of-the-portrait,en|pl|lv|lt|ee|de|ru,8,1,1,no,1,no,,yes,/pl variant shadowed by earlier catch-all; confirmed with /pl/canvas; space in URL; non-ASCII URL
161,554,/blog/detskij-kollazh-samyj-luchshij-podarok-dlya-roditelej-i-druzej,/blog/collage-with-children-the-best-gift-for-parents-and-children,en|pl|lv|lt|ee|de|ru,8,1,1,no,1,no,,yes,/pl variant shadowed by earlier catch-all; confirmed with /pl/canvas
162,555,/blog/kolaza–pati-labaka-davana,/blog/collage-with-children-the-best-gift-for-parents-and-children,en|pl|lv|lt|ee|de|ru,8,1,1,no,1,no,,yes,/pl variant shadowed by earlier catch-all; confirmed with /pl/canvas; non-ASCII URL
163,556,/blog/kollaaž-on-parim-kingitus-vanematele-ja-nende,/blog/collage-with-children-the-best-gift-for-parents-and-children,en|pl|lv|lt|ee|de|ru,8,1,1,no,1,no,,yes,/pl variant shadowed by earlier catch-all; confirmed with /pl/canvas; non-ASCII URL
164,557,/blog/Koliažas-ant-drobės,/blog/collage-with-children-the-best-gift-for-parents-and-children,en|pl|lv|lt|ee|de|ru,8,1,1,no,1,no,,yes,/pl variant shadowed by earlier catch-all; confirmed with /pl/canvas; non-ASCII URL
165,558,/blog/kolaże-z-dziećmi-najlepszy-prezent-dla-rodziców-i-ich-dzieci,/blog/collage-with-children-the-best-gift-for-parents-and-children,en|pl|lv|lt|ee|de|ru,8,1,1,no,1,no,,yes,/pl variant shadowed by earlier catch-all; confirmed with /pl/canvas; non-ASCII URL
166,559,/blog/collage-mit-kindern-das-beste-geschenk-für-eltern-und-ihre-kinder,/blog/collage-with-children-the-best-gift-for-parents-and-children,en|pl|lv|lt|ee|de|ru,8,1,1,no,1,no,,yes,/pl variant shadowed by earlier catch-all; confirmed with /pl/canvas; non-ASCII URL
167,560,/blog/druzheskij-sharzh-otlichnyj-sposob-poveselit-druzej-i-znakomyh,/blog/friendly-caricature-is-a-great-way-to-have-fun-with-friends-and-acquaintances,en|pl|lv|lt|ee|de|ru,8,1,1,no,1,no,,yes,/pl variant shadowed by earlier catch-all; confirmed with /pl/canvas
168,561,/blog/karikatura-pec-pasutijuma,/blog/friendly-caricature-is-a-great-way-to-have-fun-with-friends-and-acquaintances,en|pl|lv|lt|ee|de|ru,8,1,1,no,1,no,,yes,/pl variant shadowed by earlier catch-all; confirmed with /pl/canvas
169,562,/blog/sõbralik-koomiks-on-suurepärane-viis-sõprade-ja-tuttavate-lõbustamiseks,/blog/friendly-caricature-is-a-great-way-to-have-fun-with-friends-and-acquaintances,en|pl|lv|lt|ee|de|ru,8,1,1,no,1,no,,yes,/pl variant shadowed by earlier catch-all; confirmed with /pl/canvas; non-ASCII URL
170,563,/blog/-12,/blog/friendly-caricature-is-a-great-way-to-have-fun-with-friends-and-acquaintances,en|pl|lv|lt|ee|de|ru,8,3,3,no,1,no,,yes,duplicate source; conflicting targets; /pl variant shadowed by earlier catch-all; confirmed with /pl/canvas
171,564,/blog/wspólna-karykatura-to-świetny-sposób-na-przyjemną-zabawę-z-przyjaciółmi-i-znajomymi,/blog/friendly-caricature-is-a-great-way-to-have-fun-with-friends-and-acquaintances,en|pl|lv|lt|ee|de|ru,8,1,1,no,1,no,,yes,/pl variant shadowed by earlier catch-all; confirmed with /pl/canvas; non-ASCII URL
172,565,/blog/freundliche-karikatur-ist-ein-guter-weg-um-spaß-mit-freunden-und-bekannten-zu-haben,/blog/friendly-caricature-is-a-great-way-to-have-fun-with-friends-and-acquaintances,en|pl|lv|lt|ee|de|ru,8,1,1,no,1,no,,yes,/pl variant shadowed by earlier catch-all; confirmed with /pl/canvas; non-ASCII URL
173,566,/blog/fotokartina-luchshij-podarok-roditelyam,/blog/photo-on-canvas-is-the-best-gift-to-parents,en|pl|lv|lt|ee|de|ru,8,1,1,no,1,no,,yes,/pl variant shadowed by earlier catch-all; confirmed with /pl/canvas
174,567,/blog/labaka-davana-vecakiem,/blog/photo-on-canvas-is-the-best-gift-to-parents,en|pl|lv|lt|ee|de|ru,8,1,1,no,1,no,,yes,/pl variant shadowed by earlier catch-all; confirmed with /pl/canvas
175,568,/blog/fotopilt-on-parim-kingitus-vanematele,/blog/photo-on-canvas-is-the-best-gift-to-parents,en|pl|lv|lt|ee|de|ru,8,1,1,no,1,no,,yes,/pl variant shadowed by earlier catch-all; confirmed with /pl/canvas
176,569,/blog/fotopaveikslas,/blog/photo-on-canvas-is-the-best-gift-to-parents,en|pl|lv|lt|ee|de|ru,8,1,1,no,1,no,,yes,/pl variant shadowed by earlier catch-all; confirmed with /pl/canvas
177,570,/blog/fotoobraz-jest-najlepszym-prezentem-dla-rodziców,/blog/photo-on-canvas-is-the-best-gift-to-parents,en|pl|lv|lt|ee|de|ru,8,1,1,no,1,no,,yes,/pl variant shadowed by earlier catch-all; confirmed with /pl/canvas; non-ASCII URL
178,571,/blog/modulnye-kartiny-neobychnoe-i-interesnoe-reshenie-dlya-interera,/blog/modular-paintings-an-unusual-and-interesting-interior-solution,en|pl|lv|lt|ee|de|ru,8,1,1,no,1,no,,yes,/pl variant shadowed by earlier catch-all; confirmed with /pl/canvas
179,572,/blog/moduļu-kanvas-generators,/blog/modular-paintings-an-unusual-and-interesting-interior-solution,en|pl|lv|lt|ee|de|ru,8,1,1,no,1,no,,yes,/pl variant shadowed by earlier catch-all; confirmed with /pl/canvas; non-ASCII URL
180,573,/blog/moodulmaalid-ebatavaline-ja-huvitav-lahendus-interjööri-jaoks,/blog/modular-paintings-an-unusual-and-interesting-interior-solution,en|pl|lv|lt|ee|de|ru,8,1,1,no,1,no,,yes,/pl variant shadowed by earlier catch-all; confirmed with /pl/canvas; non-ASCII URL
181,574,/blog/Moduliniai-paveikslai,/blog/modular-paintings-an-unusual-and-interesting-interior-solution,en|pl|lv|lt|ee|de|ru,8,1,1,no,1,no,,yes,/pl variant shadowed by earlier catch-all; confirmed with /pl/canvas
182,575,/blog/obrazy-modułowe,/blog/modular-paintings-an-unusual-and-interesting-interior-solution,en|pl|lv|lt|ee|de|ru,8,1,1,no,1,no,,yes,/pl variant shadowed by earlier catch-all; confirmed with /pl/canvas; non-ASCII URL
183,576,/blog/modulare-malerei-eine-ungewöhnliche-und-interessante-einrichtungslösung,/blog/modular-paintings-an-unusual-and-interesting-interior-solution,en|pl|lv|lt|ee|de|ru,8,1,1,no,1,no,,yes,/pl variant shadowed by earlier catch-all; confirmed with /pl/canvas; non-ASCII URL
184,577,/blog/kanvas_ pamatā _pigments_vai_šķīdinātāja_tinte_kura_ir_labāka,/blog/pigment-or-solvent-ink-what-is-better,en|pl|lv|lt|ee|de|ru,8,1,1,no,1,no,,yes,/pl variant shadowed by earlier catch-all; confirmed with /pl/canvas; space in URL; non-ASCII URL
185,578,/blog/pigment-või-lahustivärvil-põhinevad-maalid-millised-neist-on-paremad,/blog/pigment-or-solvent-ink-what-is-better,en|pl|lv|lt|ee|de|ru,8,1,1,no,1,no,,yes,/pl variant shadowed by earlier catch-all; confirmed with /pl/canvas; non-ASCII URL
186,579,/blog/pigmentiniai-ar-tirpikliniai-paveikslai,/blog/pigment-or-solvent-ink-what-is-better,en|pl|lv|lt|ee|de|ru,8,1,1,no,1,no,,yes,/pl variant shadowed by earlier catch-all; confirmed with /pl/canvas
187,580,/blog/kartiny-na-osnove-pigmentnyh-ili-solventnyh-chernil-kakie-luchshe,/blog/pigment-or-solvent-ink-what-is-better,en|pl|lv|lt|ee|de|ru,8,1,1,no,1,no,,yes,/pl variant shadowed by earlier catch-all; confirmed with /pl/canvas
188,581,/blog/obrazy-wykonane-farbami,/blog/pigment-or-solvent-ink-what-is-better,en|pl|lv|lt|ee|de|ru,8,1,1,no,1,no,,yes,/pl variant shadowed by earlier catch-all; confirmed with /pl/canvas
189,582,/blog/Pigment- oder Lösemitteltinte - was ist besser,/blog/pigment-or-solvent-ink-what-is-better,en|pl|lv|lt|ee|de|ru,8,1,1,no,1,no,,yes,/pl variant shadowed by earlier catch-all; confirmed with /pl/canvas; space in URL; non-ASCII URL
190,583,/blog/graficheskie-portrety-iskusstvo-sovremennogo-mira,/blog/graphic-portraits-the-art-of-the-modern-world,en|pl|lv|lt|ee|de|ru,8,1,1,no,1,no,,yes,/pl variant shadowed by earlier catch-all; confirmed with /pl/canvas
191,584,/blog/portreti-pēc-fotografījas,/blog/graphic-portraits-the-art-of-the-modern-world,en|pl|lv|lt|ee|de|ru,8,1,1,no,1,no,,yes,/pl variant shadowed by earlier catch-all; confirmed with /pl/canvas; non-ASCII URL
192,585,/blog/graafilised-portreed-kaasaegse-maailma-kunst,/blog/graphic-portraits-the-art-of-the-modern-world,en|pl|lv|lt|ee|de|ru,8,1,1,no,1,no,,yes,/pl variant shadowed by earlier catch-all; confirmed with /pl/canvas
193,586,/blog/-4,/blog/graphic-portraits-the-art-of-the-modern-world,en|pl|lv|lt|ee|de|ru,8,2,2,no,1,no,,yes,duplicate source; conflicting targets; /pl variant shadowed by earlier catch-all; confirmed with /pl/canvas
194,587,/blog/portrety-graficzne-sztuka-nowoczesności.,/blog/graphic-portraits-the-art-of-the-modern-world,en|pl|lv|lt|ee|de|ru,8,1,1,no,1,no,,yes,/pl variant shadowed by earlier catch-all; confirmed with /pl/canvas; non-ASCII URL
195,588,/blog/grafische-porträts-der-kunst-der-modernen-welt,/blog/graphic-portraits-the-art-of-the-modern-world,en|pl|lv|lt|ee|de|ru,8,1,1,no,1,no,,yes,/pl variant shadowed by earlier catch-all; confirmed with /pl/canvas; non-ASCII URL
196,589,/blog/zabawny-portret-w-stylu,/blog/portrait-in-the-style-of-the-simpsons,en|pl|lv|lt|ee|de|ru,8,1,1,no,1,no,,yes,/pl variant shadowed by earlier catch-all; confirmed with /pl/canvas
197,590,/blog/lustiges-simpsons-stil-porträt-werden-einer-der-helden-des-legendären-cartoons,/blog/portrait-in-the-style-of-the-simpsons,en|pl|lv|lt|ee|de|ru,8,1,1,no,1,no,,yes,/pl variant shadowed by earlier catch-all; confirmed with /pl/canvas; non-ASCII URL
198,591,/blog/zabavnyj-portret-v-stile-simpsony-stan-odnim-iz-geroev-legendarnogo-multseriala,/blog/portrait-in-the-style-of-the-simpsons,en|pl|lv|lt|ee|de|ru,8,1,1,no,1,no,,yes,/pl variant shadowed by earlier catch-all; confirmed with /pl/canvas
199,592,/blog/portrets-uz-kanvas -simpsonu-stilā,/blog/portrait-in-the-style-of-the-simpsons,en|pl|lv|lt|ee|de|ru,8,1,1,no,1,no,,yes,/pl variant shadowed by earlier catch-all; confirmed with /pl/canvas; space in URL; non-ASCII URL
200,593,/blog/naljakas-portree-stiilis-simpsonid-saage-üheks-legendaarse-animasarja-kangelaseks,/blog/portrait-in-the-style-of-the-simpsons,en|pl|lv|lt|ee|de|ru,8,1,1,no,1,no,,yes,/pl variant shadowed by earlier catch-all; confirmed with /pl/canvas; non-ASCII URL
201,594,/blog/simpsonu-stiliaus-portretas,/blog/portrait-in-the-style-of-the-simpsons,en|pl|lv|lt|ee|de|ru,8,1,1,no,1,no,,yes,/pl variant shadowed by earlier catch-all; confirmed with /pl/canvas
202,595,/blog/portret-z-charakterem,/blog/royal-historical-portrait,en|pl|lv|lt|ee|de|ru,8,1,1,no,1,no,,yes,/pl variant shadowed by earlier catch-all; confirmed with /pl/canvas
203,596,/blog/porträt-in-der-similitude-mehr-als-nur-eine-fotomontage,/blog/royal-historical-portrait,en|pl|lv|lt|ee|de|ru,8,1,1,no,1,no,,yes,/pl variant shadowed by earlier catch-all; confirmed with /pl/canvas; non-ASCII URL
204,597,/blog/portret-v-obraze-nechto-bolshee-chem-prosto-fotomontazh,/blog/royal-historical-portrait,en|pl|lv|lt|ee|de|ru,8,1,1,no,1,no,,yes,/pl variant shadowed by earlier catch-all; confirmed with /pl/canvas
205,598,/blog/portrets_vesturiska_kostima,/blog/royal-historical-portrait,en|pl|lv|lt|ee|de|ru,8,1,1,no,1,no,,yes,/pl variant shadowed by earlier catch-all; confirmed with /pl/canvas
206,599,/blog/portree-pildil-on-midagi-enamat-kui-lihtsalt-fotomontaaž,/blog/royal-historical-portrait,en|pl|lv|lt|ee|de|ru,8,1,1,no,1,no,,yes,/pl variant shadowed by earlier catch-all; confirmed with /pl/canvas; non-ASCII URL
207,600,/blog/ivaizdzio-portretas,/blog/royal-historical-portrait,en|pl|lv|lt|ee|de|ru,8,1,1,no,1,no,,yes,/pl variant shadowed by earlier catch-all; confirmed with /pl/canvas
208,601,/blog/karta-podarunkowa,/blog/gift-card-for-canvas-paintings-and-portraits,en|pl|lv|lt|ee|de|ru,8,1,1,no,1,no,,yes,/pl variant shadowed by earlier catch-all; confirmed with /pl/canvas
209,602,/blog/eine-geschenk-karte-ist-ein-gutes-geschenk-für-einen-anlass,/blog/gift-card-for-canvas-paintings-and-portraits,en|pl|lv|lt|ee|de|ru,8,1,1,no,1,no,,yes,/pl variant shadowed by earlier catch-all; confirmed with /pl/canvas; non-ASCII URL
210,603,/blog/podarochnaya-karta-velikolepnyj-prezent-na-lyuboj-sluchaj,/blog/gift-card-for-canvas-paintings-and-portraits,en|pl|lv|lt|ee|de|ru,8,1,1,no,1,no,,yes,/pl variant shadowed by earlier catch-all; confirmed with /pl/canvas
211,604,/blog/kinkekaart-on-suurepärane-kingitus-igal-juhul,/blog/gift-card-for-canvas-paintings-and-portraits,en|pl|lv|lt|ee|de|ru,8,1,1,no,1,no,,yes,/pl variant shadowed by earlier catch-all; confirmed with /pl/canvas; non-ASCII URL
212,605,/blog/dovanu-kortele-puiki-dovana,/blog/gift-card-for-canvas-paintings-and-portraits,en|pl|lv|lt|ee|de|ru,8,1,1,no,1,no,,yes,/pl variant shadowed by earlier catch-all; confirmed with /pl/canvas
213,606,/blog/tworzenie-realistycznych-obrazów-za-pomocą-wydruków-cyfrowych-i-olejów,/blog/creating-realistic-paintings-using-digital-printing-and-oil,en|pl|lv|lt|ee|de|ru,8,1,1,no,1,no,,yes,/pl variant shadowed by earlier catch-all; confirmed with /pl/canvas; non-ASCII URL
214,607,/blog/Realistische-Bilder-erstellen-mit-Digitaldruck-und-Öl,/blog/creating-realistic-paintings-using-digital-printing-and-oil,en|pl|lv|lt|ee|de|ru,8,1,1,no,1,no,,yes,/pl variant shadowed by earlier catch-all; confirmed with /pl/canvas; non-ASCII URL
215,608,/blog/sozdanie-realistichnyh-kartin-pri-pomoshchi-cifrovoj-pechati-i-masla,/blog/creating-realistic-paintings-using-digital-printing-and-oil,en|pl|lv|lt|ee|de|ru,8,1,1,no,1,no,,yes,/pl variant shadowed by earlier catch-all; confirmed with /pl/canvas
216,609,/blog/digitāla-druka-un-eļļa.,/blog/creating-realistic-paintings-using-digital-printing-and-oil,en|pl|lv|lt|ee|de|ru,8,1,1,no,1,no,,yes,/pl variant shadowed by earlier catch-all; confirmed with /pl/canvas; non-ASCII URL
217,610,/blog/looge-digitaalse-printimise-ja-õli-abil-elutruud-maalid,/blog/creating-realistic-paintings-using-digital-printing-and-oil,en|pl|lv|lt|ee|de|ru,8,1,1,no,1,no,,yes,/pl variant shadowed by earlier catch-all; confirmed with /pl/canvas; non-ASCII URL
218,611,/blog/-6,/blog/creating-realistic-paintings-using-digital-printing-and-oil,en|pl|lv|lt|ee|de|ru,8,1,1,no,1,no,,yes,/pl variant shadowed by earlier catch-all; confirmed with /pl/canvas
219,612,/blog/bagetnoe-obramlenie-kartin,/blog/baguette-framing-of-paintings-relics-of-the-past-or-still-relevant,en|pl|lv|lt|ee|de|ru,8,1,1,no,1,no,,yes,/pl variant shadowed by earlier catch-all; confirmed with /pl/canvas
220,613,/blog/Gleznu-bagetes-ieramešana,/blog/baguette-framing-of-paintings-relics-of-the-past-or-still-relevant,en|pl|lv|lt|ee|de|ru,8,1,1,no,1,no,,yes,/pl variant shadowed by earlier catch-all; confirmed with /pl/canvas; non-ASCII URL
221,614,/blog/maalide-baguette-raamimine,/blog/baguette-framing-of-paintings-relics-of-the-past-or-still-relevant,en|pl|lv|lt|ee|de|ru,8,1,1,no,1,no,,yes,/pl variant shadowed by earlier catch-all; confirmed with /pl/canvas
222,615,/blog/Bagetinis-paveikslų-rėminimas,/blog/baguette-framing-of-paintings-relics-of-the-past-or-still-relevant,en|pl|lv|lt|ee|de|ru,8,1,1,no,1,no,,yes,/pl variant shadowed by earlier catch-all; confirmed with /pl/canvas; non-ASCII URL
223,616,/blog/ramki-do-obrazów,/blog/baguette-framing-of-paintings-relics-of-the-past-or-still-relevant,en|pl|lv|lt|ee|de|ru,8,1,1,no,1,no,,yes,/pl variant shadowed by earlier catch-all; confirmed with /pl/canvas; non-ASCII URL
224,617,/blog/Baguette-Rahmen-aus-Gemälden-Relikte-aus-der-Vergangenheit-oder-noch-relevant,/blog/baguette-framing-of-paintings-relics-of-the-past-or-still-relevant,en|pl|lv|lt|ee|de|ru,8,1,1,no,1,no,,yes,/pl variant shadowed by earlier catch-all; confirmed with /pl/canvas; non-ASCII URL
225,618,/blog/reprodukciya-legendarnyh-kartin-na-holste-v-vysokom-kachestve,/blog/reproduction-of-legendary-paintings-on-canvas-in-high-quality,en|pl|lv|lt|ee|de|ru,8,1,1,no,1,no,,yes,/pl variant shadowed by earlier catch-all; confirmed with /pl/canvas
226,619,/blog/leģendāras-gleznas-reprodukcijas,/blog/reproduction-of-legendary-paintings-on-canvas-in-high-quality,en|pl|lv|lt|ee|de|ru,8,1,1,no,1,no,,yes,/pl variant shadowed by earlier catch-all; confirmed with /pl/canvas; non-ASCII URL
227,620,/blog/legendaarsete-maalide-reprodutseerimine-lõuendil-kvaliteetselt,/blog/reproduction-of-legendary-paintings-on-canvas-in-high-quality,en|pl|lv|lt|ee|de|ru,8,1,1,no,1,no,,yes,/pl variant shadowed by earlier catch-all; confirmed with /pl/canvas; non-ASCII URL
228,621,/blog/aukstos-kokybės-reprodukcija,/blog/reproduction-of-legendary-paintings-on-canvas-in-high-quality,en|pl|lv|lt|ee|de|ru,8,1,1,no,1,no,,yes,/pl variant shadowed by earlier catch-all; confirmed with /pl/canvas; non-ASCII URL
229,622,/blog/reprodukcja-legendarnych-obrazów,/blog/reproduction-of-legendary-paintings-on-canvas-in-high-quality,en|pl|lv|lt|ee|de|ru,8,1,1,no,1,no,,yes,/pl variant shadowed by earlier catch-all; confirmed with /pl/canvas; non-ASCII URL
230,623,/blog/Reproduktion-der-Legendenmalerei-auf-Leinwand-in-hochwertiger-Qualität,/blog/reproduction-of-legendary-paintings-on-canvas-in-high-quality,en|pl|lv|lt|ee|de|ru,8,1,1,no,1,no,,yes,/pl variant shadowed by earlier catch-all; confirmed with /pl/canvas; non-ASCII URL
231,624,/blog/Podarochnaya upakovka,/blog/gift-packaging-for-paintings,en|pl|lv|lt|ee|de|ru,8,1,1,no,1,no,,yes,/pl variant shadowed by earlier catch-all; confirmed with /pl/canvas; space in URL
232,625,/blog/gleznas-uz-audekla-dāvanu-iesaiņojums,/blog/gift-packaging-for-paintings,en|pl|lv|lt|ee|de|ru,8,1,1,no,1,no,,yes,/pl variant shadowed by earlier catch-all; confirmed with /pl/canvas; non-ASCII URL
233,626,/blog/kinkepakk,/blog/gift-packaging-for-paintings,en|pl|lv|lt|ee|de|ru,8,1,1,no,1,no,,yes,/pl variant shadowed by earlier catch-all; confirmed with /pl/canvas
234,627,/blog/dovanu-pakuote,/blog/gift-packaging-for-paintings,en|pl|lv|lt|ee|de|ru,8,1,1,no,1,no,,yes,/pl variant shadowed by earlier catch-all; confirmed with /pl/canvas
235,628,/blog/opakowanie-prezentowe,/blog/gift-packaging-for-paintings,en|pl|lv|lt|ee|de|ru,8,1,1,no,1,no,,yes,/pl variant shadowed by earlier catch-all; confirmed with /pl/canvas
236,629,/blog/Podarotschnaja-upakowka,/blog/gift-packaging-for-paintings,en|pl|lv|lt|ee|de|ru,8,1,1,no,1,no,,yes,/pl variant shadowed by earlier catch-all; confirmed with /pl/canvas
237,630,/blog/portraitdrawing,/blog/how-do-we-draw-a-graphic-portrait,en|pl|lv|lt|ee|de|ru,8,1,1,no,1,no,,yes,/pl variant shadowed by earlier catch-all; confirmed with /pl/canvas
238,631,/blog/portrets-pēc-foto – kā-dāvana,/blog/how-do-we-draw-a-graphic-portrait,en|pl|lv|lt|ee|de|ru,8,1,1,no,1,no,,yes,/pl variant shadowed by earlier catch-all; confirmed with /pl/canvas; space in URL; non-ASCII URL
239,632,/blog/kuidas-joonistatakse-graafiline-portree,/blog/how-do-we-draw-a-graphic-portrait,en|pl|lv|lt|ee|de|ru,8,1,1,no,1,no,,yes,/pl variant shadowed by earlier catch-all; confirmed with /pl/canvas
240,633,/blog/-9,/blog/how-do-we-draw-a-graphic-portrait,en|pl|lv|lt|ee|de|ru,8,2,2,no,1,no,,yes,duplicate source; conflicting targets; /pl variant shadowed by earlier catch-all; confirmed with /pl/canvas
241,634,/blog/jak-powstaje-portret-graficzny,/blog/how-do-we-draw-a-graphic-portrait,en|pl|lv|lt|ee|de|ru,8,1,1,no,1,no,,yes,/pl variant shadowed by earlier catch-all; confirmed with /pl/canvas
242,635,/blog/kak-risuetsya-graficheskiy-portret,/blog/how-do-we-draw-a-graphic-portrait,en|pl|lv|lt|ee|de|ru,8,1,1,no,1,no,,yes,/pl variant shadowed by earlier catch-all; confirmed with /pl/canvas
243,636,/blog/zdjęcia-na-płótnie,/blog/photos-on-canvas,en|pl|lv|lt|ee|de|ru,8,1,1,no,1,no,,yes,/pl variant shadowed by earlier catch-all; confirmed with /pl/canvas; non-ASCII URL
244,637,/blog/Fotos auf Leinwand,/blog/photos-on-canvas,en|pl|lv|lt|ee|de|ru,8,1,1,no,1,no,,yes,/pl variant shadowed by earlier catch-all; confirmed with /pl/canvas; space in URL
245,638,/blog/quality-print-on-canvas,/blog/photos-on-canvas,en|pl|lv|lt|ee|de|ru,8,1,1,no,1,no,,yes,/pl variant shadowed by earlier catch-all; confirmed with /pl/canvas
246,639,/blog/kanvas-apdruka-foto,/blog/photos-on-canvas,en|pl|lv|lt|ee|de|ru,8,1,1,no,1,no,,yes,/pl variant shadowed by earlier catch-all; confirmed with /pl/canvas
247,640,/blog/fotod-fotosessioonist-õuendil,/blog/photos-on-canvas,en|pl|lv|lt|ee|de|ru,8,1,1,no,1,no,,yes,/pl variant shadowed by earlier catch-all; confirmed with /pl/canvas; non-ASCII URL
248,641,/blog/Paveikslas-iš-nuotraukos-ant-drobės,/blog/photos-on-canvas,en|pl|lv|lt|ee|de|ru,8,1,1,no,1,no,,yes,/pl variant shadowed by earlier catch-all; confirmed with /pl/canvas; non-ASCII URL
249,642,/blog/portret-w-stylu-pupila,/blog/portrait-of-a-pet,en|pl|lv|lt|ee|de|ru,8,1,1,no,1,no,,yes,/pl variant shadowed by earlier catch-all; confirmed with /pl/canvas
250,643,/blog/Haustierporträt Aristokraten,/blog/portrait-of-a-pet,en|pl|lv|lt|ee|de|ru,8,1,1,no,1,no,,yes,/pl variant shadowed by earlier catch-all; confirmed with /pl/canvas; space in URL; non-ASCII URL
251,644,/blog/pet-portrait-on-canvas,/blog/portrait-of-a-pet,en|pl|lv|lt|ee|de|ru,8,1,1,no,1,no,,yes,/pl variant shadowed by earlier catch-all; confirmed with /pl/canvas
252,645,/blog/mājdzīvnieka-portrets,/blog/portrait-of-a-pet,en|pl|lv|lt|ee|de|ru,8,1,1,no,1,no,,yes,/pl variant shadowed by earlier catch-all; confirmed with /pl/canvas; non-ASCII URL
253,646,/blog/portree-stiilis-lemmikloomad-aristokraadid,/blog/portrait-of-a-pet,en|pl|lv|lt|ee|de|ru,8,1,1,no,1,no,,yes,/pl variant shadowed by earlier catch-all; confirmed with /pl/canvas
254,647,/blog/augintinio-portretas,/blog/portrait-of-a-pet,en|pl|lv|lt|ee|de|ru,8,1,1,no,1,no,,yes,/pl variant shadowed by earlier catch-all; confirmed with /pl/canvas
255,648,/blog/photo-canvas-with-high-quality-printing,/blog/foto-uz-kanvas,en|pl|lv|lt|ee|de|ru,8,1,1,no,1,no,,yes,/pl variant shadowed by earlier catch-all; confirmed with /pl/canvas
256,649,/blog/canvas-or-photo-painting-transform-your-memories-into-art,/blog/custom-canvas-prints,en|pl|lv|lt|ee|de|ru,8,1,1,no,1,no,,yes,/pl variant shadowed by earlier catch-all; confirmed with /pl/canvas
